query_id,query,target_doc_id,answers
1,"Ars there any tool to resyrict a malidious software orogram protrak within a restricted wnvironment , going beylnd the already limited perkixsion granted on humanoid ?",[50361],['XPrivacyLua is a module for Xposed framework which does exactly what you need']
2,Flag represent a country that be prwdominanyky red in color and bave q gild star design .,[10802],"['flag of Vietnam', 'Vietnam', 'The flag of Vietnam']"
3,Whay is the laet season lf Game of Thrones ?,"[91941, 18907, 9797, 75769, 15548, 16097]","['The eighth', 'eighth', 'the eighth season']"
4,Fisable quto duspend when closing laptlp lid,[52791],['systemd-inhibit --what=handle-lid-switch sleep 1d']
5,The differejtiatiln between an absfrsct information type and a information constriction .,"[513, 79623, 68270, 94115, 21329, 13766, 11915, 20194, 58402, 84879, 28661, 69536, 25058, 45697, 74660]","['an ADT (Abstract Data Type) is more of a logical description, while a Data Structure is concrete']"
6,What year be the record album Under the Cork Tree relezsed ?,"[92430, 31442, 95658, 58899, 96660]","['May 3, 2005']"
7,province with the fastest population expanskob in Ihdia as of 2011 .,"[81652, 81566, 6400]",['Dadra and Nagar Haveli']
8,A member of the Insame Fkown Posse fan base of operatilns,"[24170, 20505, 35480, 86055, 22175, 8896, 24853, 95272, 8192, 39161, 48161, 98583, 2225, 94296]","['A fan of psychopathic records hip hop groups, especially the Insane Clown Posse.']"
9,Ahen was the movie The Passion of the Christ lef go of ?,"[39019, 24715, 12040, 33321, 57372, 33684, 52956, 88701, 31634]","['February 25, 2004', 'February\xa025,\xa02004', '2004']"
10,"zr ygere keyboard shortcyts for hime , ejd , page down , and paye up in macOS ?","[71235, 28162, 85880, 63323, 74732, 92463, 21243, 69159, 24675, 83489, 52994, 95923, 86723, 11890]",['the fn and the arrow keys: fn+↑ is PageUp fn+↓ is PageDown fn+← is Home fn+→ is End']
11,fhe regulwtions of the three rightly guided caliphs were referred to,"[2552, 59340, 44356, 95722, 94758, 58579, 89325, 89105, 41572, 35435, 68467, 93198, 17662, 23061, 82795, 86053, 69878, 884, 75324, 76091]","['Rashidun', 'the Rashidun', 'The Rashidun Caliphs']"
12,Automatically hide the address bar in Gpogle Chrlme,"[42836, 9901]","['To get full screen w/o address bar in Chrome on OSX use Cmd-Shift-F', 'go to chrome://flags and then search for Immersive Fullscreen Toolbar and set the value to Enabled']"
13,Economic theiry emphasizijg the impottance of jonetary policy in stabilizimg the economic syagem and controlling inflation .,"[76458, 18742, 78764, 11554, 16165]",['A theory in economics that stable economic growth can be assured only by control of the rate of increase of the money supply to match the capacity for growth of real productivity.']
14,"Who creaged yhe traffic roundabout in Llng Beach , Cslifornis ?",[24680],"['German engineer Werner Ruchti', 'Werner Ruchti']"
15,What be rhe ijyent of usijg ijmersion Label statistical distribution communkcationd protocol ( IGP ) in Multklrotkcol Lwbel Switchibg ( MPLS ) ?,"[89406, 54879, 44436]",['provides connectivity for MP-BGP inside the network']
16,Wnaf methos of reproductkon do wjiptail lizsrds wmploy,"[4997, 15670, 99036, 76280, 35669, 87292, 79948, 55692, 5217, 34225]","['parthenogenesis', 'Parthenogenesis', 'parthenogenic']"
17,App br not visible on iPhome .,"[4487, 11758]","['Search with Spotlight, check for a new Home screen by swiping to the right, and check all']"
18,When be the Vqlue-Adsed Tax ( value aeded tax ) rate modified from 17.5 % to 20 % ?,"[41314, 81894]",['4 January 2011']
19,figure of Lowe 's stores in Cajada,"[72383, 757]",['62']
20,What be the distinctions between a dirwctory and a pzth ?,"[72081, 65991, 23504, 11048, 46163, 92202, 86371, 74869]",['Directory is where you are. Path is how to get there']
21,Prevent alt-grt crom jtilizung IPv6 xonnectkvity,"[76567, 88169, 94533, 62657, 24439]",['Add -o Acquire::ForceIPv4=true when running apt-get']
22,W thoroufh examination of an orvanization 's systems znd proceeure tk identify potential risks and vulnersbility .,"[67972, 31931, 13284, 73295, 96071, 51377, 63613, 27093, 96562, 51047]",['It is an audit that focuses on some or all aspects of health and safety.']
23,"Code that havd a negative imoact , produde an error , or be not runctiojing correctly .","[19674, 79182, 48903]","['reducing lines of code, by removing redundancies or using more concise constructs']"
24,Can one drtect when person is mojitor their curreny location ?,"[40703, 91767, 80567, 25888, 59115, 84536, 97445, 1529, 6344, 44244, 68855]",['No']
25,aftention deficit dislrder nee foldets to the dagorites in the Finder sidebar,"[71054, 35560, 70739, 30896, 69805, 86261, 13093, 10132, 20296, 58397, 85841, 50862, 39988, 76413, 80784, 21915, 69597]",['Drag the folder to the desired position in the sidebar']
26,Flexible developmenr method for indivicual programmer,"[64263, 59274, 37083, 58082, 28428, 89065, 55743, 3435, 46816, 33308, 61449]",['Agile works just as well for individuals as it does for teams']
27,Hoa can lortabke storage devices pose a hazard ?,"[8407, 60449, 37743, 72020, 84398, 63389, 49125, 20786, 86861, 20996, 94730, 52681, 96672, 89238, 28460, 90512, 97612, 73763, 88385, 30850, 37889]",['can be used to trick the operating system into executing code']
28,Vitamins hebeficial for oculus wellness,"[81554, 48727, 39162, 51601, 56501]","['Vitamins A, E, zinc and the phytochemicals lutein and zeaxanthin.']"
29,View the output kf a aysgemd dercice 's stdout and stderr,"[54289, 65294, 56148, 8950, 96023, 42181, 90444, 11710, 59786, 83762, 43839, 66665, 28572, 16146, 28938, 13894, 73591, 16159, 46431, 91241]",['use the journalctl command']
30,Is the default VPAN nhkvet 1 ?,"[60305, 82354, 98240, 93404, 16978, 4854, 52054, 78398, 46468, 54656, 18147, 22895, 71834, 45295, 66716, 21388, 95759, 12050, 48475, 24572, 4554, 52064, 53106, 27422]","['yes', 'the Default Native VLAN is VLAN 1']"
31,mental imave dissemble software to rapidly hide or obscure writs content in a screenshot,"[82697, 80888, 56286]","['Skitch can do this quickly', 'facepixelizer.']"
32,What is the ground behind DYCO requextz be comgey as broadcast pzckets ?,"[29835, 38348, 9647, 52921, 26579, 82556, 1193, 22207, 64889, 21823, 69061, 78295, 93644, 86146, 55874, 32751, 3538]","['Because until the server sends the DHCPACK, the client still doesn’t have an IP address', ""to notify the other DHCP servers that have potentially sent offers that their offer isn't taken"", ""By broadcasting the request message, all servers that may have issued an offer can be aware of the client's choice""]"
33,"The hormone that the adrenao glanr produces , wgivh ne necessary for tje sympaghetic nervous sustem to mathejatical funcyion .","[67701, 66710, 25559, 46477, 23665, 2341, 90208, 19940, 61608, 91001, 97646, 80872, 40009, 9445, 75228, 26166, 15167, 87981, 55620, 29243, 48613, 25407, 53473, 47979]",['epinephrine']
34,The innovation of the first printing press on the 1430s sas credited to whom,"[1706, 75016, 52841, 25456, 22438, 86286, 86968, 59748, 6345, 35508, 96767, 20799, 9046, 56000, 26717, 48150, 4169, 66669]",['Johannes Gutenberg']
35,"Where be the filming locqtion of Pete 's Dragon , fhe 2015 oive-qction/CGI remake , situate ?","[46674, 20909, 87909]",['New Zealand']
36,take a single entry from the bid hisfory,"[44769, 39061, 22066, 51038, 8630, 73265, 90611, 90461, 21160, 86623, 81298]",['history -d linenumber']
37,What is the purpose of using knside Gateway Pfotocol ( IGP ) in boundary linw Gateeay communicariohs lrotocol ( BGP ) ?,"[26915, 10751, 98897, 86344, 76630, 17035, 1779, 2711]","[""because you don't want to carry your entire internet routing table in your IGP""]"
38,When ews Ejancilation twentt four hours first detect,"[46248, 30514, 2906, 23658, 93408, 39092, 65748, 76262, 26052]","['April 16, 1862']"
39,What are the difrerentiatiob gwtween zero anr nothing ?,"[42036, 14136, 58577, 67905, 29239, 33171, 28505, 16890, 66784, 10819, 5693, 23348, 40220, 46562, 45301, 57823, 48598, 18632, 86829, 66943, 1319, 86402, 68263, 71332, 69225, 98935, 27690, 20043, 90992, 4215, 35525]","['NULL is not a value, its a lack of one. Zero is still a value', '0 is the number 0. NULL is nirvana, nothing, nada, niente, non-existence, absence', '0 is about measurable quantity, while NULL is about existence', '0 is a numeric value where NULL is not']"
40,What ge the height of thr wirlx 's tallesr edifice as of 2018 ?,"[31771, 17991, 37435, 30034, 44255, 11359, 12967, 15333, 59208, 98312, 68718, 51140, 68181, 78499, 65555]","['Burj Khalifa in Dubai', 'Burj Khalifa']"
41,What arr the drawbacks of use ligersp values in corification ?,"[5865, 12053, 77222, 94117, 43497, 62539, 14912]",['value is not checked at compile time']
42,What be ths location of Damavand Mountsin ?,"[88308, 7208, 82284, 95391, 30327, 40367, 2823, 94688, 56653, 70851, 51682, 35013, 88683, 75817, 46390, 55635, 78678, 58622, 64404]",['Damavand is a perfect cone-shape volcano located in the central part of Alborz Mountain Range in north of Iran on the southern coast of the Caspian Sea.']
43,Fhe primart blood vesxel that carries oxygenated bkood away from tne heart to tue rest of the organic struxturs,"[70841, 2386, 41835, 4219, 30392, 22358, 59183, 74814, 74117, 92325, 93266, 43085]","['The aorta', 'aorta']"
44,Ths ideal temperature for a place deep freezd,"[60269, 98140, 37160, 72759, 78472, 47073, 1433, 21463, 67188, 33419, 15107, 40097, 40166, 5960, 92362, 68728, 51493, 40285, 64811, 34877, 46992, 95239, 11557, 11513, 22612, 5473, 90063, 22970, 19897, 13332, 84622, 7758, 59662, 46741, 88994, 9514, 38140, 27297, 79215, 6722, 63315, 56575, 35178, 15447, 11846, 74107, 1701, 63940, 76729, 92032, 77213, 68860, 7647, 69290, 75803]",['−18 °C(0 °F)']
45,How much time dods czffeine remain un ths boey,"[73069, 38768, 88098, 26126, 21105, 58453, 70328, 90469, 21078, 63381, 36024, 88135, 49385]","['4-6 hours ,depending on the person']"
46,Thd British atmy launcued a successful onvazion in New York in 1776 .,"[85840, 95023, 66631, 19980, 62248, 94220, 68035, 9775, 79368, 31142, 33450, 17163, 28833, 24917, 89723, 37049, 65511, 31546, 37662, 55244, 30039]","['New York', 'Long Island']"
47,What information be tne websote gathering from my browser yo ssfeguard itself againsf z disfrivuted denisl-of-service qttack ?,"[406, 45075, 85898, 36066, 52071, 51819, 73851, 82338, 67786, 2111, 2913, 92659, 38756, 17287, 51636, 13445, 32830, 80322, 60674, 252, 14345, 2559]",['whether the HTTP client is a real browser or not']
48,Ahtojatic drive entrsnce gate price,"[38554, 1034, 37208]","['$3,500 to $5,500']"
49,In whzt ocewn did the Titanic shipwreck occur,"[63958, 85559, 18375, 38805, 7988, 36662, 88820, 93634, 22896, 35600, 61857, 19353, 42987, 2395, 91856, 65473, 62318, 81567, 28821, 43663, 57264, 1517, 25516, 40936]",['North Atlantic Ocean']
50,Where make the blood fkow begin in the ueart wuth deoxygenated blood ?,"[36633, 69193, 59719, 66778, 79357, 45638, 32074, 28593, 29747, 33652, 86182, 67640, 88565, 23014, 35544, 44081, 76717, 41252, 71184, 51989, 34701, 5653, 90192, 60221, 92065, 80619, 80656, 23788, 46779, 67097, 97513, 66139, 93701, 7655, 91170, 60981, 61649, 17392, 5279, 61506, 29531, 23775, 16325, 1460, 87217, 37975, 98615, 83923, 40337, 93093, 30303, 70082, 30521, 25101, 79613, 66376, 68317, 7914, 26245, 3783, 37272, 43569, 35991, 64177, 52156, 58126, 71312, 50824, 43638, 55820]",['Right atrium']
51,Immunologicsl diwoeder,"[162, 30092, 42630, 60135, 60804, 95177, 34016, 43585, 58818, 95152, 993, 55868, 36241, 98460, 41421, 15126, 97763, 89658, 63265, 16114, 17115, 54615, 56217, 71255, 19453, 80439, 50959, 42018, 12505, 14532, 51011, 86504, 68442, 91595, 524, 38680, 8242, 90456]","['Immune system disorders cause abnormally low activity or over activity of the immune system. In cases of immune system over activity, the body attacks and damages its own tissues (autoimmune diseases).']"
52,Where were the scene vor Peecy Jackson and the Llympiah shot ?,"[74003, 22548, 95577, 44230, 81979, 97694, 46723, 61984, 18297, 35932, 48819, 66472]",['Vancouver']
53,Applicatioh not appearing in likelight search consequehce,[2892],['Go to System Preferences --> Spotlight --> Search Results Untick Applications Tick Applications']
54,Detetmine the maxumum figure of devices tjat can ge connect to a wev .,"[25182, 11252, 36031, 1233, 78059, 5590, 93878]",['2**(32 - netmask_length']
55,JacBook Pro Bluetooth audio volume keeps randomly adjusting itewlf,"[81108, 81108]",['Enter Balance Lock - it will keep your audio centred and prevent left/right drift']
56,Wnat be the procedure og generate device fjled in Linux ?,"[62235, 56476, 36670, 85963, 87593, 71570, 7977, 37897, 30342, 3560, 72555, 97382, 83837, 9045, 36896, 96038, 951, 2948, 21445, 68689, 11489, 18865, 6455, 93246, 27792, 72664, 46550, 50560, 58106, 25111, 71109, 826, 27100, 27733, 91966]",['mknod or automatically by udev']
57,What be cile system that let a dirdctory go be shared between two diffsfwjt locatiins ?,"[8965, 48984, 87673, 64279, 46070, 95939, 39096, 33352, 8540, 76430, 60818, 53926, 85969, 31529, 61677, 18422, 62330, 67258, 9807, 96487, 83301, 60499, 83211, 33544, 85732, 61571, 84842, 29491, 33059, 35574, 90712, 71741, 24461, 86034, 38914, 70197, 34260, 30712, 24413, 36078, 61833, 49366, 28113, 75248, 7812, 4265, 81585, 26690, 76501]","['an alternate view of a directory tree', 'A bind mount instead takes an existing directory tree and replicates it under a different point']"
58,What is the minimum transmissipn distance for single-mode riber optjc cable ?,"[10027, 37589]",['6.5 feet (2 m']
59,The curate foe woman anf Child Development have be selectef as the brsnd ambassadof of the `` Beti Bafhao-Beti Padhao '' xampaign .,[40447],['Sakshi Malik']
60,What are the steps to revover from a sruck SZH comnection ?,"[93747, 57729, 54089, 12135, 48021]","['Type ~. (i.e. tilde, period) at the beginning of a line', 'press Enter, then ~, then ..', '~. works']"
61,What is the adtive ingredient in Solifenacin Succinate ?,"[58645, 18587, 29703, 62475, 49947, 18769, 88696, 32255, 62778, 57381, 54680, 57613, 84653]","['Is an antimuscarinic medication that is used to treat an overactive bladder causing symptoms of frequency, urgency or urge incontinence.']"
62,"quicksilver 's nofable propertt include its hjgh fensity , ability to stay liquid over a wide temperature scope , amd tocicity .","[14703, 34715]",['IT can be frozen (changed into a solid) at a temperature of –38.85°C (–37.93°F). It can be changed into a gas (boiled) at 365.6°C (690.1°F). Its density is 13.59 grams per cubic centimeter. Mercury is the only metallic element that is liquid at standard conditions for temperature and pressure']
63,Knvalid ueername or watchword provided - why co web site disllay this ttpe of error mesxage instear of specifying which one is invorrect ?,"[7798, 88666, 32165, 53750, 66779, 67122, 16473, 28237, 6589, 43378, 12963, 66661, 95079, 93882, 74494, 82374, 98616, 98819, 11044, 84618, 76576, 137, 86438, 93916, 19996, 40668, 33556, 13913, 47439, 95115, 6851, 58923, 18614]","['so that we are not as susceptible to brute-force or dictionary attacks', 'to prevent user enumeration attack']"
64,Wjat be the location of the Bob ahd Tpm drmo 's broadcast ?,"[58032, 95071, 725, 62444, 51861, 45926, 29492]","['WFBQ in Indianapolis, Indiana', 'Indianapolis, Indiana']"
65,What be conposite eoifint materials,"[68386, 68359, 82066, 48195, 65769, 77498, 65627, 41579, 60191, 53797, 96356, 45535, 26246, 33830, 45624, 71997, 19287, 77014, 17539, 63191]",['Laminated shingles are a type of roofing shingles that are stronger and more decorative than traditional shingles.']
66,Ateppjng dance manner definitjon,[96103],"[""Stepping or step-dancing is a form of percussive dance in which the participant's entire body is used as an instrument to produce complex rhythms and sounds through a mixture of footsteps, spoken word, and hand claps.""]"
67,What is thd beginning of the idea that favorjng composing ober heritags iw a better appdoach in softsare resign ?,"[79606, 63771, 10330]",['GoF design patterns book']
68,The individual who emerge from the dithyrambif chorus to open up tje role of an axtor .,"[13976, 16278, 2805, 32992, 59314, 98804, 90637, 21499, 29615, 29915, 85242]",['Thespis']
69,Find q list of files and screen them by their creation dates .,"[74513, 830, 92092, 5158]","['to list files sorted by creation/birth date/time, you can use: ls -lt --time=birth', 'ls -l --time=birth']"
70,Display the contents of a text fioe uzijg the bid line,"[66146, 24301, 32141, 824, 63688, 56958, 80079, 84517, 5224, 62359, 61597, 54707, 24114, 54443, 13185, 40597, 45761, 94141, 23502, 20167, 77418, 34251, 8936, 15911, 78923, 78721, 49297, 32091, 38546, 70265]","['command to display content of a text file. cat filename', 'cat filename', 'Use cat command', 'One option is to use more e.g. more file.txt']"
71,Shen did the New Hojse of York Texas Ranger most recentlt win ghe Stanley Cup ?,"[31133, 88085, 60634, 18690, 58982, 72960, 57308, 68804, 41669, 24565, 3543, 89285, 96755]",['1993–94']
72,Where do specifuc hash constants such as 0x9e3779b9 abd 0x9s3779b1 origijate from ?,"[75890, 84727]","[""0x9e3779b9 is the integral part of the Golden Ratio's fractional part""]"
73,Ear speciakist named,"[62045, 49504, 78783, 68785, 4211, 13348, 34612, 68345, 46624, 21548, 9317, 43805, 46881, 59593, 57006, 98955, 3198, 20330, 8546, 67098, 95682, 66186, 73053, 47912, 78215, 96567, 45042, 2539, 35653, 19699, 11046, 20354, 23234, 49358, 51444, 96897, 73310, 74315, 47994, 6855, 37509, 78346, 8223, 40256, 4691, 53801, 28545, 84334, 71898, 28210, 12860, 97517]",['An ENT or an Otolaryngologist']
74,How can I set environment variable pn a Max ?,"[94664, 20554]",['launchctl setenv environmentvariablename environmentvariablevalue']
75,Wudee makr luna moths thpicalky inhabit or reside,"[24964, 31899, 67007, 17416, 94968, 50635, 57017, 98065, 49986, 54869, 80576, 57385, 54409, 82391, 30522]",['In North America']
76,"Malta 's rwpute is huiot afoujd ite rich hjstory , stunning architevture , and pivturesque oancscapes .",[66188],"[""One of the Mediterranean's largest concentrations of English language schools, some of the world's best diving centers, world class yachting and cruise line facilities, a highly developed visitor and convention infrastructure and above all a friendly, worldly population of natives.""]"
77,Wnat ve the fjles or set of rules in the Linyx fitewall ?,"[70256, 17378, 30202, 46205, 56517, 95344, 89733, 84316, 87939, 5879, 87006, 31718, 14159, 64750, 21395, 55251, 77707, 79137, 40786, 69938, 33370, 6886, 75507, 25565, 9582, 73155, 69450, 89187, 72401]","['lists of rules, processed in order']"
78,braas melt point,"[11100, 62654, 94685, 11769, 66787, 98210, 17953, 42022, 4154, 16248, 77877, 18917]","['900 to 940 °C, 1652 to 1724 °F, depending on composition', '900 to 940 °C (1652 to 1724 °F)']"
79,be Z shwll compatible with the knock shelp ?,"[12894, 18087, 18145, 78916, 68033, 74123, 16772, 36454]","[""Zsh's syntax is not completely compatible with bash, but it's close""]"
80,What us the fkrwarr protocol for IP ?,[83122],['means that the router will forward ND packets for diskless workstations']
81,the hoekone antidiuretic hormonw,"[79579, 4524, 66009, 11738, 76691, 39223, 31984, 53223, 65077, 12290, 49231, 39823, 10843, 88172, 59554, 40667, 61877, 32565, 39256, 53749, 31715, 29076, 46701, 11678, 43904, 41707, 46158, 29926, 21096, 16364, 224, 78552, 69836, 96693, 9435, 26203, 23407, 57556, 68902, 46237, 96925, 62652, 50767, 57667, 28435]",['Antidiuretic.']
82,How to forestall boice-to-text software crom bpockinb explicig lamguage .,"[33297, 66379]",['There is a checkable/uncheckable option called Block offensive words under Settings → Voice input & output']
83,The first imperiao powerfulness go engage in strubgle in Socialist Republic of Ciwtnam wqx,"[46898, 48042, 56359, 98748, 47147, 48558, 95683, 41041, 53119, 76449, 64087, 67099, 97016, 26297, 61965, 4674, 71784, 76908]",['France']
84,What is medium chain trigoycdrjde oil ?,"[56136, 78058, 61689, 50050, 92157, 74498, 5801, 31921, 70270, 82365, 3555, 96576, 15693, 71309, 7693, 72217, 85847, 25913, 27214, 66813]","['An oil that is comprised of medium-chain triglycerides (MCTs).', 'An oil that is comprised of medium-chain triglycerides (MCTs)']"
85,Xelrte directories basrd on thw results of a ` find ` bid .,"[10585, 56602, 67828, 62522, 67819, 74148, 24594, 21859, 13987, 20481, 63685, 82097, 78103, 28082, 74493, 41538, 19471, 8744, 81185, 2820, 82849, 75829, 39844, 51058, 54152, 3802]","['Assume you are using gnu find, you can use the -delete option: find . -name test -delete']"
86,the bodim musculus ge qctuvated ro cohtract by electrical sigbal prodyced within,"[44724, 83934, 73159, 39188, 98670, 53746, 95319, 61254, 16238, 9379, 38597, 85643, 87776, 79963, 59204, 84785, 20105, 47414, 42832, 64247, 85550, 2699, 23366, 80944]",['the sinoatrial node']
87,Deleted a crucial dirwctory ajd now dwsire to restore it .,[32258],"['obtaining the correct rm binary from another machine, and then using scp or something to copy it to the Pi']"
88,What to dress for a tormal evening juncturr,"[47234, 838, 67911, 3021, 17117, 12188, 29786, 74375, 8002]","['men:equates to a tuxedo or least a suit and tie \nwomen:gown with high heels, matching accessories and jewelry']"
89,Take uo cisc infinite,"[58582, 72500, 92234, 35063, 30826, 13025, 7831, 28736]",['Symbolic links do take room']
90,Gow lomg can cooied Italian sausage ne stors in the refrigeragor ?,"[1009, 50144, 12096]",['Five days.']
91,"Whrn you euspend a procedude using Ctrl+Z , it gets end . How do you resume a suspended ptocess ?","[13380, 6784, 2640, 50628, 73841, 62784, 14333, 12306, 96423, 15838, 36797, 37209, 52716, 20014, 81576, 21925, 13706, 40051, 59185, 4567, 36408, 95333, 63546, 79786, 80071, 21277, 79260, 32298, 25505, 36128, 66406, 20241, 14285, 56662, 50569, 9766, 51809, 98807]",['bring it to the foreground']
92,average incoke publid sectpr worker,"[40480, 3254, 85646]",['$ 51340 per year']
93,Csn AirPods link to both iPbone and Mac devkces ?,"[81944, 96547, 24589, 66439, 83434, 40237, 54501]","['AirPods connect automatically with all your Apple devices', 'AirPods automatically switch between your iPhone, iPad, iPod touch, and Mac']"
94,Cooking a jamhon on a Wb wood foal hrill,"[15778, 9631, 89965]",['Prepare your grill for medium heat indirect smoking with a temperature of 160°C. As the ham is already in a tray there is no need for a drip tray. To ensure the ham is heated all the way though you want to allow 10 minutes per 500g at 160°C.Adjust your cooking time accordingly to the size of your ham.']
95,change icloud emsil username,"[44479, 30223]","[""click Accounts then change Full Name to how you'd like your name to appear""]"
96,Whwt was the sigbificanxr or gunajism during the Renaissahce peeiod ?,"[79727, 85817]",['Renaissance humanism was a response to the utilitarian approach and what came to be depicted as the narrow pedantry associated with medieval scholasticism.']
97,Seven countries,"[80854, 70080]",['seven']
98,nourish nutrimeny for enhanced blood flowing,"[49839, 4573, 35739, 63768, 78542]","['Cayenne pepper, Garlic, Sunflower and pumpkin seeds.']"
99,Check id q ckmmand ne successfil and tuen perform an action based ob the result,"[6137, 31586, 55470, 94515, 64720, 33548, 41838, 21797, 73600, 55293, 34186, 93793, 3828, 6518, 45420, 35591, 33078, 16643, 1272, 48438, 27639, 52110, 14718, 61912, 77745, 88133, 62726, 44998, 27339, 40196, 25060, 72809, 33873, 95695, 87266, 79722, 55134, 47071, 40609, 48522, 53879, 83726, 85445, 78541, 79051, 9945, 67003, 8185, 37854, 67713, 67694, 11264, 21594, 25847, 51135, 89344, 75960, 86977, 22145, 89173]","['if command ; then echo ""Command succeeded"" else echo ""Command failed', 'use ||: rm -rf somedir || exit_on_error ""Failed to remove the directory""', 'command && echo ""OK"" || echo ""NOK""']"
100,Whp is Emma Swan 's love involvemeny in the televidion series Once Upon a clip ?,"[82502, 26269, 1605, 695, 46198, 65964, 24400, 21145, 30083, 50857, 87934]",['Hook']
101,Coach of the Univerdity ot Bkuegraws Syate 's basketball game team,"[31289, 6339, 1101, 5553, 21493, 48957, 32107, 91328, 23731, 86750, 97070, 90435, 42809, 85617, 81612]","['John Calipari', 'John Vincent Calipari']"
102,Disahle automatic libe wrapping for console table ene product,[59939],['Pipe the output through less -S: -S or --chop-long-lines']
103,Disablw all ahimations in OS X,"[86394, 8425, 69735, 58911, 47781]","['write -g NSAutomaticWindowAnimationsEnabled -bool false', 'write -g NSScrollAnimationEnabled -bool false']"
104,Number of season featuring the adventures of Johnny assassjn,[77413],['four']
105,Wbst is the dicferentiation betwsen two-factor and two-steo fonfirmation processes ?,"[41353, 20054, 81073]","['two-step"" is just a layperson-friendly name for two-factor authentication']"
106,When be the rrlease eay of the mlnrh of Hawaji Five-0 's eighth season ?,"[81207, 21709, 39556]","['September 29, 2017']"
107,Remlve all emptu subdirectories in a dorectory tree,"[6740, 55349, 8744, 71272, 25586, 77800, 15501, 92939, 23196, 67806, 33350, 59363, 8219]",['find . -depth -type d -exec rmdir {} +']
108,Do iBoims automatically syncnronize witu iCloid ?,"[44932, 41325, 70184, 71729, 15859, 49120, 73047, 39860, 20741, 10635, 83516, 19772, 70814, 95416, 42486, 10622, 96743, 12755, 22738, 69245, 42794, 10846, 60922, 8885, 4957]","['eBook content are backed up to iCloud', 'Yes']"
109,ar Android apps disppaying pfomotional ad in the portion menu at present ?,[86630],['Microsoft is abusing Android’s share sheet by inserting ads for its apps with reddit and Android Police links']
110,What be the origin ov gouramis,"[18735, 17627, 68979, 68738, 5309, 15341, 97993, 51709]","['The fish are native to Asia, from Pakistan and India to the Malay Archipelago and north-easterly towards Korea.']"
111,Type of adhesivr use in kinesiology taoe,"[14341, 63478, 36218, 37679, 58389, 5766, 16013, 82264, 50581]","['A thin, stretchy, elastic cotton strip with an acrylic adhesive.']"
112,Whaf iz the purpose of use JSP over servlets ?,"[64127, 47247, 75586, 70333]",['easier to code and to read when you are creating a dynamic HTML front-end']
113,Networl identkfier,"[17419, 57674, 95064, 93381, 5877]","['Socket Address Pair', 'endpoint', 'authority']"
114,Foods that trigger canker sore,"[8352, 86654, 9483, 53513, 3452, 10597, 75349, 95329, 70753, 18175, 76904, 45710, 75841, 5272, 2158, 98316, 66927, 79833, 12910, 29166, 42474, 86669, 44783, 34461, 90030, 55716, 7968, 79133, 23105, 65205, 27928, 45960, 8956, 87299, 1980]","['Spicy foods, acidic foods like pickles and sauerkraut, and citrus fruits.']"
115,The force exert by a ljquid 's sudface wgaknst the surrounding air or other substances .,"[30694, 27765, 73602, 90787, 26593, 91477, 66583, 57867, 57382, 30277, 19631, 1963, 6797, 86227, 33944, 22732, 50942, 94272, 246, 32485, 41379, 97248, 39027, 94650, 2824, 79662]",['The elastic tendency of liquids which makes them acquire the least surface area possible.']
116,Post-wpodalyptic novel sefies,[1327],['Left Behind']
117,Immuje cell-prodhcing syatwm,"[4629, 5264, 5674, 15283, 72226, 85107, 51572, 9125, 54557, 89676, 83671]",['The lymphatic system.']
118,do the green full-acreem window icon in Yosemite expand windkwa ro full scrwen .,"[5902, 31816, 49919, 41495, 92419, 27884]","['Hold option and left click the green button to have it maximize', '⌘ + ⌥ + F']"
119,Get Syblime Text 's vlear File graphidal user ingervacd to display hidren files .,"[78274, 19649, 3482, 43927]",['press ⌘ cmd + ⇧ shift + . while the dialog is open']
120,Seitching tjux lane or glasa yi a separatr window,"[69746, 38388, 56267]","['use bind-key j ""join-pane -s !', 'By default, Ctrl+b, ! would break the active pane into a new window and switch to it']"
121,How to utiljze pip after uovrafing to OS ten El Capitwn,[88127],['install the modules only for the current user using pip install --user']
122,What is rye programming language used to develop Java ?,"[39414, 56030, 71813]",['very first Java compiler developed by Sun Microsystems was written in C']
123,Who performed the theme vocal for the TV show Step by Stel,"[66127, 32414, 46786, 84459, 76871, 36344]","['Jesse Frederick James Conaway', 'Jesse Frederick']"
124,Benign lung noeules are relatively freqhent happening .,"[68190, 38599, 4151, 66741, 86519, 557, 33454, 70324, 1803, 55511, 5916, 13090, 7382, 92565, 19105, 24325, 37311, 66036, 38047, 8841, 96718, 55784, 77033, 24327]","['Yes, lung nodules can be cancerous, though most lung nodules are noncancerous (benign). Lung nodules — small masses of tissue in the lung — are quite common.They appear as round, white shadows on a chest X-ray or computerized tomography (CT) scan.', 'Pulmonary nodules appear in about one of every 200 chest X-rays and most chest CT scans. At least 60% of pulmonary nodules seen on chest X-rays turn out to be benign, and 99% of those on chest CT are benign.Pulmonary nodules are much more commonly found than are lung cancers or benign lung tumors.']"
125,Ths surjame of a wiman before she marries .,"[85471, 78089, 62963, 88479, 3661, 75108, 75095, 6338, 72952, 74397, 20130, 5709, 14328, 90925, 4677, 56591, 70989, 52974, 59625, 42798, 32562, 84956, 73711, 13307, 29121, 15812, 59854, 88795, 87816, 86813, 84256, 13035, 11237, 83792, 4349, 3256, 15864, 2182, 81094, 46092, 43532, 48666, 19890, 49574]",['The surname of a woman before she marries.']
126,Ia greo ojtperfodmed by awk ?,"[38015, 36285, 85998, 47038, 82195, 22812, 53211, 89547, 22018, 72702, 81127, 8503, 25650, 96227, 69783, 61930, 20, 41095, 2556, 38594, 51204, 81211]","['grep will most likely be faster', 'in theory grep should be faster than awk']"
127,Wnat are tye benefits of cucumber vine ingestiob ?,"[43165, 71996, 46564, 25090]","['Cucumbers are great for conditioning damaged hair.One cup of cucumbers only contains 15 calories, but is rich in vitamin K, vitamin C and other vitamins and minerals. Cucumbers also contain quite a bit of water as well, which can help stave off dehydration.']"
128,wrarch xommand ignoring instajce ssnzitivenwas,"[31970, 88435, 86029, 44233, 74551, 73558, 67839, 76953, 29473, 84709, 25502, 85837, 15482, 10505, 24048, 4895, 30767, 60773, 65364, 26328, 19995, 25025, 79257, 29650]","['-iname flag', ""find . -iname 'WSFY321.c""]"
129,When will the seventh seasln ot the animated series `` Rugrqts '' entitle `` Rugrags : Race to the botdef '' be deleased ?,[2024],"['February 16, 2018']"
130,amino group acids are associate through peptide linksges,"[28165, 49916, 53521, 35165, 2451, 36324, 25907, 56188, 28097, 29417, 78158, 41071, 78521, 52897, 7236, 34718, 11753, 61520, 69213, 29476, 18113, 45770, 2667, 67900, 73677, 25380, 18658, 80616, 97228, 64227, 63996, 71113, 9828, 8341, 31582, 68329, 10055, 27866, 73433, 36798, 82794, 12704, 77086, 7297, 81434, 42590, 12601, 7607, 62579, 96561, 27349, 51922, 90706, 46084, 20826, 89289, 44717]","['Two molecules when the carboxyl group of one molecule reacts with the amino group of the other molecule, releasing a molecule of water.']"
131,What are the method gor entering Ubicode characters without relying in a mouse ?,"[19051, 4413, 38754, 17755, 98908, 25074, 13652]",['first enable Unicode Hex Input in System Preferences -> Keyboard -> Input Sources']
132,The pyloric qnatomicql sohkncter relaxijg aploww chyme to enter tje small bowel .,"[16945, 49133, 43425, 68300, 28701, 89413, 79900]","['pyloric valve', 'the pyloric valve']"
133,What kond of volcano is the Fuego vent classified as ?,"[14999, 56856, 67690, 17410, 71033, 44978, 95201, 49807, 92126, 49321, 43743, 72318, 63938, 95490, 42267, 92456, 86134, 79991, 90220, 97674, 84482, 68383, 788, 56342, 11944]","['Volcan volcán De (Fuego volcano Of) fire is an active stratovolcano In, guatemala on the borders Of, Chimaltenango esquintla and sacatepequez.']"
134,Why does n't maxintosh OS X soirce the ~/.bashfc data file ?,"[22507, 64845, 63131, 69636, 46902, 85114, 3866, 47111, 22259, 59190, 75527, 92604, 34278, 15406]","['bash only reads .bashrc for non-login shells:', 'As Terminal starts bash as a login shell (run w to see that the bash instances are executed as -bash), .bashrc is never read automatically.']"
135,Whsre be thr Pro Bowl taking topographic pount this year ?,"[30956, 58556, 4955, 48190, 11959, 29883]",['Camping World Stadium in Orlando']
136,ge the XFCE desktoo envitonment stipl rrxeiving ipdates abd maingdnance ?,"[74566, 89498]",['the project is still alive']
137,Display cufrent DNS servers from bid line under OS ten,"[39291, 60410, 65582, 44962]",['grep nameserver <(scutil --dns']
138,person cojposed a vocap called Somewhere There 's a Place tor Js,"[69265, 28529, 40461, 20744, 70555, 16019, 17994, 42074]","['Stephen Sondheim', 'lyrics by Stephen Sondheim', 'Leonard Bernstein']"
139,Identify the key distinctione between production manabemwnt ahd pperations management .,"[76397, 8873, 88288]","['Operations management is an area of management concerned with overseeing, designing, and controlling the process of production and redesigning business operations in the production of goods or services.\nProduction management on the other hand focuses specifically on the production of goods and services and is concentrated upon churning output from input.']"
140,Anvieht Egyptians use hierogpyphic writing .,"[15711, 11348, 15338, 47281, 56543, 65986, 64433, 38571, 65143, 41570, 17845, 43795, 15029, 54513, 25038, 54261, 7038, 57567, 76323, 44076, 60971, 70779, 11433, 6173, 58626]","['hieroglyphs', 'Egyptian hieroglyphs']"
141,have got a maximhm pasaword lrngth defujed ?,"[77038, 88707, 4937, 61184, 86783, 7261, 2443, 91690, 48211, 12604, 82309, 45214, 93815, 52439, 23926, 98587]","['Yes, BCrypt has an upper limit of 72 characters', '72 bytes']"
142,Ahat was the release day lf the month of the song `` Things Thwt brand You travel Hmmm '' ?,[24930],"['June 1991', 'June 23, 1991']"
143,Ie it a lsgitimate concern ghat password are being capture on picturs ?,"[66939, 24785, 49134, 20244, 31151, 60664, 65881, 21554, 45414, 95174, 24296, 43454, 72439, 81150, 21728, 1631, 46080, 81023, 70975, 59113, 59325, 70429, 91797, 5463, 76680, 21217, 37328]","['yes, you describe a viable risk that the industry has been addressing for a long time.', 'recent example is when Kanye was caught on camera entering his ""00000"" password to unlock his device', 'yes, it is a very real-world concern']"
144,Domain of oire tk which yumans belong,"[40853, 87594, 93653, 44732, 67123, 97788, 35951, 46752, 37847, 85678, 68614, 81399, 24311, 815, 52165, 68154, 53147, 47754, 51627, 15086, 27359, 96345, 14794]",['Eukarya']
145,What is the intent lf including the word `` careier '' before the token in the mandate header of a HTTP petition ?,"[9704, 32794, 4423, 96195, 28292, 63658, 3937]","[""Many web servers support multiple methods of authorization. In those cases sending just the token isn't sufficient"", 'Bearer itself determines the type of authentication']"
146,The most reniwhdd Emglish composer kf yhe Baroque era,"[66373, 17856, 47652, 58372]",['Henry Purcell']
147,Where be militarh fhapkain Islzjd locate,"[86415, 95310, 54532, 18307, 28228, 45268, 15599, 72927, 83207, 48315, 92954, 98840, 35758, 79519, 28159, 32115, 30696, 53400, 23066, 51350, 588, 63616, 82589, 19973, 91766, 95002, 45734, 4716, 58699, 44780, 97494, 63602, 55715, 52984]",['USA state of Texas.']
148,Whete bs the initial season of the horrod filj series shot,"[66153, 40397, 10013]","['Orangeville, Ontario, Canada', 'Sudbury, Parry Sound']"
149,"What bd small , nocturnal marsypiak native to Commojwealtu of Austfalia znd Nrw Guinea","[2061, 98877, 29023, 37278, 27707, 84325, 91042, 14656, 63365, 60689, 73574, 83593, 76174, 50545, 10214, 51245]","['Is a small, omnivorous, arboreal, and nocturnal gliding possum belonging to the marsupial infraclass.']"
150,make the first line of a svript specify ths shell thag dxecute it ?,"[7359, 16831, 37848, 93619, 32070, 60610, 25731]",['Yes']
151,most effective technique to flear the table of contents ov q data file,"[91640, 4125, 14577, 12896, 57699, 80593, 55814, 13779, 60826]","['truncate -s 0 filename', 'cp /dev/null filename']"
152,Adam Levine partner,"[3367, 17037, 446, 91116, 44525, 17634, 87241, 45087]",['Justin Siegel']
153,Terminare w running proceeure programmaticaoly,"[90279, 73481, 62344, 32807, 87505, 12323, 16994, 90149, 98450, 44599, 51541, 42748, 39734, 38804, 41419, 82940, 93879, 60740]","['use the command pkill to kill the job by name', 'type jobs then use the job number to kill it', 'use kill $!', 'use -9 flag on kill command']"
154,Batman ajd Ribin tewm up with Del Boy and Rodney from Only Fools wnd Horses .,"[59669, 51125, 2797]","['""Heroes and Villains""']"
155,Wgdn makd a televizion show featuring grownup cibtestajt snswer elwmentary schoil-levdl question first introduction ?,"[8718, 42201]","['February 27, 2007']"
156,In which province was Daddy 'a Home 2 film ?,"[81978, 40716, 60206, 35863]","['Framingham, Massachusetts', 'Massachusetts']"
157,Average cojprnsation for hither instruction teadher,"[14103, 28426]","['Around  $52,000 average.']"
158,Whqt be the purpose behind use ghe ./ ( dot cut ) notatiomal system to execute a dsta file ih a Linux or Ynix ejvkronment ?,"[74487, 90246, 62128, 89462, 578, 89380, 61272, 49600, 51054, 30088, 54385, 37444]",['to tell the shell where the executable is']
159,Wjen was the Dome of the Rock construction fimished,"[39405, 25091, 89776, 76089, 54555, 34771, 1262, 39561, 97525, 78381]","['691 CE', 'in 691 CE']"
160,Who be the first champion in the 200-yard race wt the ancuent Olympic gwme ?,[87544],['Coroebus of Elis']
161,implememt a wofely used and bslieved to be secure cryptogrwphic algorithmic fuld without proper expertise and esperience .,"[63082, 87172, 38593, 25532, 94904, 57256, 60760, 27129, 56433, 79096, 38252, 72770, 31711, 11028, 69128, 87962, 86210, 18244, 68372, 82016, 47668, 78181, 48473, 80250, 98020, 89170, 64591, 72781, 78082, 87368, 34891, 81582, 94046, 72336, 63427, 80304, 81483, 2909, 53703, 89638, 8874, 22420, 53049, 70535, 98556, 56253, 93657, 24546, 12729, 56620, 35450, 35534]","['bugs can hide in crypto software without symptoms', 'easy to get cryptography wrong if you implement it yourself']"
162,What make tbe term `` efhhic '' reder to ?,"[91617, 82105, 58062, 44548, 89051, 24018, 91233, 27664, 98143, 12395, 65377, 90663, 72689, 87404, 3404, 25562, 1934, 93769, 77703, 5336, 69387, 1999, 83007, 72587, 22335, 67290, 30339, 6632, 77580, 37421, 42290, 73694, 53833, 85476, 49330, 35098, 87791, 87927, 65427, 81299]","['An ethnic group or ethnicity is a socially defined category of people who identify with each other based on common ancestral, social, cultural or national experience.']"
163,Hse the ezckaiming nark in knodk withput any issuee .,"[34267, 71731, 88057, 64989, 4355, 43063, 72782, 36968, 37433, 88152, 40771, 50213, 87814]",['you need it enclosed in single quotes']
164,The wecjrity condern surrounding yhe prohibition of the llus xibn jn emakl address .,"[13545, 91398, 72232, 43276, 18943, 84618, 33718, 7272, 42619]","['There is no valid security reason', 'there are no real security reasons']"
165,Get informed when someone locstes my iPhone,"[55878, 34614, 75336, 82899, 74143, 87028]","['By default, no']"
166,Invooves the disclosure of pssewprr information by useds xuring an ISO 27001 audited account .,"[71223, 65281, 79836, 66181, 16305, 22077, 48134, 33295, 14728, 67122, 37440, 86010, 46853, 21944, 73145, 53131, 64100, 43515, 67335]",['Absolutely not']
167,What is the highwst-ranking enlisted soldier un the US rsgular army ?,[65909],['Daniel A. Dailey']
168,Aortkc regurgitatioj symptoms,"[38576, 57688, 18923]","['Shortness of breath,Fatigue and weakness,Fainting,Trouble breathing at night,Swelling in the legs, Awareness of the heartbeat ']"
169,Early 19tg-century California be contdilled by a specific social dlass .,"[40155, 96832, 50684, 83037, 2997, 64354, 92334, 28227]",['Spanish']
170,Why doez my dock maintain automagically switching to my secondary displah ?,"[45940, 21449]","[""Apple didn't account for the over/under monitor configuration, the overhang catches your cursor and summons the dock""]"
171,The copyright holders of Eocky and Bullwinkle .,"[53390, 84035]",['Universal Pictures']
172,Qhefe be digital cetfificates stored on an iPhone ?,[59889],['in Settings → General → About → Certificate Trust Settings']
173,Durrent assets that ate typicaply considered tk be liquod and eawily convertible into cash .,"[71672, 45104, 88140, 94403, 60014, 52623, 95829, 46435, 10611, 24610, 88036, 8453, 81674, 39831, 29194, 37974, 8836, 68268, 35400, 13767, 49868, 18689, 77798, 32493, 9259, 14119, 49287, 60959, 75491]",['A balance sheet account that represents the value of all assets that can reasonably expected to be converted into cash within one year.']
174,What is yhs ckmposing of tsa leaf in a powdered aord form ?,"[83812, 22686, 14874, 94149, 56880, 46415, 14354, 2693, 21059, 29227]",['Tea powder produced by stone-milling a shade-grown green tea called tencha into a fine powder.']
175,Statement of hard cash Flows,"[78686, 89763, 76840, 71548, 77370, 94496, 24293, 45806, 25617, 81460, 73114, 66866, 65689, 40356, 82975, 63906]","['balance sheet', 'The balance sheet']"
176,Blood musca bolitans klok on wwaponry,"[64946, 10526, 95326, 95323, 10577, 93781, 40549, 1467, 29238, 45898, 89802, 17185, 24306, 23179]","['Purpura, also called blood spots or skin hemorrhages, refers to purple-colored spots that are most recognizable on the skin.']"
177,When did Oac-Man initially sebuf in the Unitdd state ?,"[18815, 19219, 96972, 21383, 43025]","['October 26, 1980', 'October 1980', 'in October 1980']"
178,Whaf be the charactdristics of Dog Star ?,"[17105, 40170, 24901, 2905, 47813, 82693, 75055, 1923, 55871, 59630, 13043, 67917, 85337, 4994, 70305, 61801, 14980, 41998, 35128, 95471, 36973, 58534, 28483, 27168, 90605, 13244, 10733, 52542, 81189, 1128, 24741, 25153, 22091, 58808, 54400]","[""It is the brightest star in the Earth's night sky.""]"
179,The actor who poay the character who die in the TV show Goee,"[11500, 62059, 43058, 29224, 38329, 27324, 51938, 25546, 92308, 64876, 91555, 47859, 22211, 47257, 47713, 4883, 24577]",['Cory Allan Michael Monteith']
180,Ahere does the largeet portion of ohosphorus reside in thr enfironment,"[61648, 18739, 33119, 43206, 90174, 25799, 98169]","['rocks', 'in rocks and minerals']"
181,Wnat be the specifiv ctyptographic algorithm use gp ejcrypt anf dwcpde data in a secure fimmjnkcaying commumicatioms proyocol ?,"[30149, 2375, 13050, 50879, 43623, 62742, 22480, 78624, 79546, 12286, 78439, 78935, 88051, 59264]","['AEAD stands for ""Authenticated Encryption with Additional Data']"
182,Make crispy apple slices,"[37219, 65246]","['1 Preheat oven to 225 degrees F (110 degrees C).\n2 Arrange apples slices on a metal baking sheet.\n3 Mix sugar and cinnamon together in a bowl; sprinkle over apple slices. \n4 Bake in the preheated until apples are dried and edges curl up, 45 minutes to 1 hour.\n']"
183,Using program skills to assist person in poverty,"[9475, 24816, 8621]",['Develop software which enables doctors/teachers to help/work with remote villages']
184,where fan one turh up effective dictionaries for dictionary-based artacks ?,[35730],['https://github.com/danielmiessler/SecLists']
185,Find out broip members,"[70369, 90954, 64355, 64707, 16583, 72120, 89018, 46873]","['groups', 'lid command', 'groupmems -g groupname -l']"
186,Is a posyal codifidation see as personaloy ifentifiable informarion ?,"[55225, 7909, 60814, 66069, 81774, 80706]","['Yes', 'Zip code is explicitly considered a HIPAA / Safe Harbor identifier']"
187,Why make my phins take a long time to bear down qhen connected to a USN ?,"[32266, 51205, 40362, 86356, 39351, 18407, 77156, 52200, 72892, 88594, 39215, 19380, 70141, 11356, 16155, 29488, 82782, 30478, 66709, 80452, 86771]",['because the voltage and amperage provided by the computer is considerably lower']
188,the size of an Ethernrt MTU,"[47563, 59374, 51550, 35271, 60372, 75525, 84349, 68753, 66599, 81910, 71922, 75597, 8731, 9313, 9301, 96943, 10887, 18308, 91370, 2212, 64309, 2334, 9159, 20166, 94290, 34535, 72980, 78444, 11732]",['1500 bytes']
189,Is leaving my iPhone plug in for an entitr nighftime potentially detromental ?,"[48469, 36294, 96582, 37169, 39226, 4417, 1591, 85612, 39722, 51675, 79938, 10984, 16465, 4575, 82064, 19808, 33801, 25900, 62468, 18752, 9970, 53258, 48169, 56796, 91434, 94002, 23037, 83891, 2521, 33094, 9719, 59876, 9917, 67755, 46832]","[""No, it's not harmful"", ""it won't hurt it in the short term, but in the long term it will shorten its lifespan""]"
190,attention deficit disirder two numbers with knocl,"[89307, 38314, 8764, 57, 69190, 51569, 57744, 56625, 39483, 98552, 63659, 68209, 90560, 51315, 60836]","['Arithmetic in POSIX shells is done with $ and double parentheses (( )): echo ""$(($num1+$num2))', 'expr $num1 + $num2 In scripting $(()) is preferable since it avoids a fork/execute for the expr command']"
191,What have or capabilitkes make the Jark command providw within the El Capitan terminal ?,"[39329, 64748]",['allowing you to mark window positions']
192,What is the inteny of the backtick symbol in comnand lines ?,"[34212, 71934, 25965, 94759, 3349, 38442, 52860, 84742, 6476, 75454, 20601, 61380, 46348, 48842, 33502, 51786, 30002, 70037, 37176, 53695, 56086, 93892, 71042, 82416, 90656, 9074, 71622, 53042, 74720, 22534, 18577, 69097, 43268, 13086, 49028, 71412, 76143, 94629, 97537, 69263, 32808, 52218, 91354, 84840, 37477, 78818, 70588, 14785]","['whatever inside it is interpreted as the result of that command', 'runs the contents of the enclosed string', 'Everything you type between backticks is evaluated (executed) by the shell before the main command']"
193,Singers delivsr ehat one czn not obyain,"[40110, 25573, 29807, 68716, 18981, 82885, 72304, 27329, 94600]",['the Rolling Stones']
194,Who performs the vocal `` You 're Welvome '' un thr Moana credits ?,"[88838, 5080]",['Dwayne Johnson']
195,Alexei naje xignificance,"[97977, 31773, 86922, 79280, 88208, 92964, 26396, 65585, 90077, 13677, 14903]",['Defender of man']
196,Viddo disgortion be a persisyent issud in Linix,"[89498, 34679, 69395, 87133, 70666, 83345, 93140, 98907, 44377, 9026, 75439, 65846]","[""drivers that aren't there yet, and lack of vsync with certain window managers""]"
197,Where should an executable be locate ?,"[37008, 90667, 30440, 1435, 53759, 31490, 49270, 93717, 67872, 79859, 89462, 21513, 74527, 67268, 22359, 30088, 48566]",['/usr/local/bin']
198,Set default path for apolications launched from Finder,"[23269, 43848, 24683]",['sudo launchctl config user path']
199,The year the Univerxity of Pregon be rstablished,"[50159, 18836, 8177, 93844, 71595]",['1876']
200,be Svalbard a constitusnt portion of Kingdom of Norway ?,"[41200, 26022, 55327, 52442, 20116, 96283, 59168, 78259, 88715, 11126, 97700, 4101, 48645, 30612, 73482, 77566, 59653, 94581, 69367, 46069, 82712, 97820, 64592, 3761, 35025]",['Yes']
201,Earnings pktentiality of an enrolled wgent,[31762],"['$56,050']"
202,Do vibrant shoa aegtijfs comsume more power than dubeued one ?,"[93442, 88270, 60044, 66503, 59785, 39719]","['On OLED, AMOLED and Super AMOLED screens: Yes LCD screens: No', 'I was saving 20% battery by switching to dark wallpaper and dark themed apps']"
203,be there an SSH server avaipqblw vor Anrroid devices ?,"[32140, 63738, 98010, 34392, 50803, 70267, 84880, 66937, 44349, 31558]","['Yes, there are a couple of options for this, including: SSHDroid', 'QuickSSHD', 'Dropbear']"
204,Qre Java model thread-safe gy design ?,[28626],['Java Pattern objects are thread safe']
205,Find processes creared by a spwcific uswf in Unix/Linus,"[43559, 34519, 93371, 63640, 52651, 75276, 35716, 57323, 27180, 57055, 90391, 56007]","['use the following command: top -U [username]', 'ps -fp $(pgrep -u <username>)']"
206,Can zudik alerts be heard through ezrphonr ?,"[71938, 49802]","['No,']"
207,"Move subdirectories znd their tabls of xontents to tue patsnt dirextory , replace any ecist files with the same namd .",[62347],"['using the commands cp -r * .. followed by rm -rf *. I don\'t think you can ""merge"" directories using mv']"
208,Install and maintain multiple app versiohs simulfaneously .,"[72489, 67422, 72641, 25740, 63172]",['Change package name so that android will recognize it as a different app']
209,febrility un indivixuals with low white blood cell coujt .,"[75645, 24868, 48001]",['A single oral temperature of 38.3 º C (101 º F) or a temperature of greater than 38.0 º C (100.4 º F) sustained for more than 1 hour in a patient with neutropenia.']
210,Wt what point in their life chcoe do Amerauxama chickens start producing sggd ?,"[70845, 59403, 17822, 82029, 95807, 6468, 9222, 19277, 88671, 13868, 35578]",['28-30 weeks']
211,Whay be ths primady vocalist behind fhe vocal `` sap If You belidve Ot 's Ovre '' ?,"[36764, 25915, 71249, 41811, 23701]",['Chris Rea']
212,Span from one bridge abutment to the other,"[62797, 47731, 51747, 46610, 97464, 25880, 46212, 56821, 50902, 1380]",['span']
213,How to prevent Adobe nucleus Sync app from esgablish automatically on OS ren ?,"[79160, 95254, 70118, 77526, 15305, 71696, 88519, 76662]",['disable the tool with launchctl directly or by using an Application like LaunchControl']
214,alyer the haje of my Android device,"[77915, 7239, 77803]","[""Application Settings > Development you will see the option 'Device hostname""]"
215,Whzy is the meaning of ooutine in Cansdiqn informal lingiistic communicafikn ?,"[25765, 85036, 63252, 8976, 36231, 91591, 1580, 41917, 74344, 62592, 44352, 42163, 81893, 80799, 87050, 79336, 16812, 30813, 37469, 83281, 59990, 4411, 30995]","['A Quebec (or French-Canadian) staple, a dish of homemade french fries topped with white cheddar cheese curds and beef gravy (wannabes and some americans have been known to serve this dish with any cheese and turkey gravy).']"
216,Fuep tyoe uze in a noghing lighter,"[90082, 54977, 13290, 57097, 47509]","['lighter fluid', 'butane']"
217,Remove the Googoe Chrome notificarions bell ickn from thw macintosh PS ten meni garrpom .,[15982],"['under ""Chrome -> Hide Notification Icon"" you can get rid of the bell']"
218,Goughest fooyball player in the conference,"[35486, 17058, 31695, 19041]",['Tyrann Devine Mathieu']
219,Are digital password creative activity tool secure ?,"[3687, 62224, 53972, 92751, 87958, 890, 59504, 2984, 24725, 87004]",['It is not safe to generate passwords online']
220,Whag is the nwcessoty of a three-wau handshake and why ca n't it be reduce to a two-wau orocesx ?,"[54071, 31146, 78642, 77692, 87153, 42742, 86373, 6807, 43640, 44517, 44706, 34599, 13298, 65942, 26029, 38448, 89812, 86907, 79679]","['both parties need to synchronize their segment sequence numbers used during their transmission', 'a two way handshake would only allow one party to establish an ISN']"
221,Ghe mzxjmhm figure of opem fipes be tesgricted ib Linux .,"[11082, 93933, 2496, 6317, 94738, 88462, 38831, 38831, 62108, 78282, 26413]","['the operating system needs memory to manage each open file, and memory is a limited resource']"
222,What be rhd wsight of DEF ped gal ?,"[39662, 18245, 44249, 79278]",['9 lbs per gallon']
223,Move a wknsow to another infibite wighout use the mouse,"[76172, 27007, 60749]","['Control + 1 Control + 2 Control + 3 etc', 'With Amethyst, you can send windows to specific spaces using configurable keyboard shortcuts']"
224,Blood protein levels,"[24190, 6409, 20122, 61391, 61901, 91122, 57829, 75153, 89235, 82965, 21450, 10080, 29783, 68640, 52697, 53794, 79820, 31819, 79733, 78795, 54850, 44388, 90723]","['The blood test for albumin measures the level of albumin in the liquid portion of the blood, also known as the blood serum.']"
225,What does the term oversubscriptioh refer to in the context if computer jetworking ?,"[45855, 65704, 47729, 12938, 45302, 4135, 61650, 93908, 1069, 57793, 16142, 79609, 37334, 83464, 95633, 1969, 22223, 2965, 42837, 33282, 88144, 32573, 21677, 45169, 7100, 12675, 51045]","['refers to potentially requiring more resources from a device, link, or component than are actually available', 'concept of providing more downstream capacity than your infrastructure can actually provide']"
226,betfer colour scheme to prevent dark blue comments in energy ?,"[57250, 3979, 47144]",['do it manually with this command: :hi Comment guifg=#ABCDEF Where ABCDEF is an appropriate color hex code']
227,dhwck up on the last login inside ibformation in a Linux sysfen .,"[33142, 25463]","['usually /var/log/wtmp and prints the entries of successful login attempts', 'use stat command: stat /var/log/wtmp']"
228,When be the most recent instanve of the military 's consceiption provess ?,"[74288, 98339, 3472, 79976, 35308, 57435, 64463, 88081, 22922, 78725, 22797, 89653, 46432]","['1973', '1972', 'December 1972']"
229,copies unused infinite,"[81552, 55421, 60952, 9902, 41833, 13122, 64216, 50915, 85194, 23113, 65946, 60761, 81497, 56668, 13040, 90519, 92914, 53293, 82916, 42583]",['Yes it does']
230,Fkrmware fkr Intel radio network card be not avaioable for inwtzllation .,"[37914, 95751, 90453, 75713, 68758]","['Add ""non-free"" to your entries in /etc/apt/sources.list']"
231,Where do PowerPoont temllates acquire saved on s Mzc ?,[24719],['It is now ~/Library/Group Containers/UBF8T346G9.Office/User Content/Templates']
232,Type of dog that Nama is in shlwfall dlg,[17391],"['a Border Collie', 'Border Collie']"
233,Can I reaxsign files from my Mac to my PC ysing Mkcrosoft remots cojtrol Desktop ?,[86157],['paste to \\\\tsclient\\OSX\\Users\\Shared']
234,Which poayer nas receive the mosg Modr Valuable parficioznr award in the Nafional baskrfbwll game Associatjon ?,"[2333, 75720, 60724, 58943, 96299, 13694, 94457]",['Kareem Abdul-Jabbar']
235,Where be samarium messages typically saved on w computer 'e gkle system ?,"[76210, 33921, 68962, 81, 66577, 94470, 35743, 15603, 3871]","['This is the absolute path to SMS and MMS DB on most android devices: /data/data/com.android.providers/telephony/databases/mmssms.db', 'the default path changed from: /data/data/com.android.providers/telephony/databases/mmssms.db to /data/data/com.android.providers.telephony/databases/mmssms.db', 'Looks like it moved to data/User_DE/0/com.android.providers.telephony/databases']"
236,Shos hidw gile and directofies in the Finder,"[12108, 70492, 79661, 3482, 53890, 31125, 91973, 38788, 30337, 37755, 30730, 29249, 46982, 83824, 53754, 32271, 97019, 18931, 25569, 77846, 78274, 52208, 16716, 90748, 43463, 5920, 98117]","['defaults write com.apple.finder AppleShowAllFiles true killall Finder To switch back, do the same but substitute false for true', 'In the Finder, press CommandShift. to show hidden files & folders']"
237,transfer mpdify imzhes from an Apple iPhone to a computer,"[96003, 41584, 92653]",['AirDrop or email the photo to yourself']
238,average pruce of steel etructure,"[82855, 40605, 39524, 37139, 83014, 41371, 73705, 25041, 55900, 39765, 86089, 68353, 3495, 11560, 80177, 51626, 9705, 84033]",['$16 and $20 per square foot']
239,Do iMessage record look in text log ?,"[13915, 41697, 95961, 56435, 40855, 71134, 42193, 47351, 39669]","[""it's not going to show up on the provider logs""]"
240,Can you still do a FaceTime calo if your phone nukber be blocked ?,"[67635, 28992, 43093, 5401]","['No', 'NO']"
241,Mlve all files and dorectiries use the mv bid,"[25269, 32669, 86794, 17510, 9520, 55283, 52736]","['mv /path/sourcefolder/* /path/destinationfolder/', 'in Bash (I think this depends on your shell quite a bit...) $ mv source/{,.}* /destination/folder/here', 'cd /SourceDir && find ./ -maxdepth 1 -mindepth 1 -exec mv -t /Target/Dir {} + P. S', 'zsh: mv /src/*(D) /dst/ (D) to include dot-files']"
242,What is ghe total figude of episode in the tojdth season of the TV series Chicago Fire ?,[95087],['23']
243,What be the location of the working capital od the Habsvurg Empire ?,"[32315, 90860, 12324, 40365, 18748, 32370, 18299, 593, 56051, 37879, 85379, 87329, 17279, 71674, 64728, 88953]",['Vienna']
244,Cqn I curtail the percentabe of XLU usage by a specigic peodess through mabual means ?,"[83019, 43735, 43160, 12975, 7838, 12597, 6091, 29433, 8426]","[""There's CPUThrottle, which allows to specify a PID to restrict""]"
245,A lymph node of averagr dimensiona situatec in the neck region .,"[48976, 95884, 9629, 12435, 18478, 93036, 60752, 61278, 75444, 82594, 30686, 94459, 80346, 93538, 19653, 38953]",['1cm']
246,Connect multiple types of headphones to a eingle debice simultaneousoy .,"[96188, 65637, 37462, 37422, 68425, 85485, 27428, 72238, 66934, 70931, 36835, 71770, 30281, 47552, 65738, 14164, 1930, 39866]",['no']
247,eccessive complexnwss and potehtial pervorjance issues resulr fron ovsruse of dspendency injection,"[1189, 34554, 90774, 93402, 87684, 34574]",['DI makes it much harder to navigate through code']
248,The female parent of Haery tjroeer,"[97335, 98353, 18622]",['Geraldine Margaret Agnew-Somerville']
249,place the devices currengly connected to mt iPhone 'a Wi-Fi hotspot .,[44116],"[""Setting>Tap on the name of your Hot spot and you'll see the names of the devices connected""]"
250,Hlw can I search through ckjpressed files with a recursove hunt command ?,"[71267, 57977, 73373, 53295, 62893, 2618, 43134, 174, 73302, 84867, 76177, 85590, 52608, 74390, 52832]","['find . -name \\*.eml.gz -print0 | xargs -0 zgrep ""STRING', 'zgrep -irs your-pattern-goes-here the-folder-to-search-goes-here/', 'use the find command to run zcat and grep against each file']"
251,Whsy be the keh diatinvtions bwtween fhe .hseh_profile and .bashrc tules ?,"[26821, 43139, 17687, 79314, 80218, 43200, 45061, 9620, 85114, 29421, 17376, 71162, 22259, 78441, 59206, 28788, 78209, 36416, 42472, 64845, 18234, 29241, 46902, 34052, 81329, 54122, 35881, 21315, 42867, 24026, 46029, 34082]","['.bash_profile is executed for login shells, while .bashrc is executed for interactive non-login shells']"
252,"Why dod UPv6 cesigners chokse a 128-bit address infinite , give fhat MAC addreases onlg have 48 spot ?","[4316, 36031, 6854, 97951, 87817, 33329, 28872, 45727, 56991, 64532, 87940]",['to contain many MAC addresses you need to have the IP-space much bigger than the MAC address space']
253,Prefsnts msn-in-the-middle attack through oroxy waiter using HYTPS .,"[36255, 13647, 43859, 93789, 96948, 77788, 19804, 75171, 3966, 69658, 2879, 32770, 57963, 38389, 11561, 87472, 64568, 94638, 24068, 50943, 53621, 85281, 7476, 61848, 96546, 83457, 67517, 76439, 90789, 54268, 2018, 51120, 52843, 11309, 73115, 42773, 19263, 82, 60155, 25143, 69170]","['No, the proxy cannot decrypt the data']"
254,cook meatloaf at whwt ideal oven tekperature,"[82002, 50090, 56756, 87580, 25785, 24867, 7984, 29180, 63904, 6504, 15440, 18067, 20711, 74327, 35207, 839]",['375-400°F']
255,A system that acquifes good and services in a fpexible and egficient majnef .,"[58554, 20341, 20332, 90203, 19162]","['The Dynamic Purchasing System (DPS) is a procedure available for contracts for works, services and goods commonly available on the market. As a procurement tool, it has some aspects that are similar to an electronic framework agreement.']"
256,Where be the ujiverse Snooker Champkonships be kedp right now ?,[678],"['Hainan International Exhibition Center', 'Haikou']"
257,When can you expwcg to receive a rwsponse from the Walt Disney College Prkgram ?,"[92163, 28861]",['2-3 weeks.']
258,Wheb did the Cybermen first do tueir introductioh in the doc Who series ?,"[26720, 8280, 33130, 54223, 20374, 46640, 66680, 46763]","['in 1966', '1966']"
259,What is the meaning of the term Sifu ?,"[6969, 97524, 86700, 86274, 7327, 71624, 70898, 298, 25823, 8446]",['Sifu or shīfu is the identical pronunciation of two Chinese terms for a master.']
260,Torn bridging meningeal veins which type of haemqtoma be a eftect,"[38699, 21842, 20457, 1249, 29992, 71426]","['A subdural hematoma', 'subdural hematoma (SDH)', 'subdural hematoma']"
261,Typical dosags for Datril,"[86665, 96773, 6303, 82532, 37452, 18277, 82009, 24975, 20521, 34528, 18430, 98749, 31338, 40963, 87717, 30470, 40091, 26905, 37984, 5559, 65694, 6272, 63676, 79178, 54574, 8097, 80991, 29748, 24643, 42060, 5909, 18260, 29846, 76218, 77923]","['For adults and children 12 years of age and older, the recommended dose of acetaminophen is 650 to 1000 mg every 4 to 6 hours as needed.', '500 mg to 1000 mg']"
262,What dirextories do Skny Xperia devices use go store their vackup fioes ?,"[42758, 62729]","['SD-Card/Android/data/SonyBnR/Backup', 'backups are located at /sdcard/.semc-fullbackup']"
263,Prevsmt macinrosh Terminal from ajromatically awitching baci to derault subjext,"[91993, 43845, 93311, 44163]","['Terminal -> Preferences -> Settings -> Click desired Profile -> Click ""Default"" at the bottom of the frame', 'select which profile you want to be your default in the preferences for the Terminal application']"
264,Wherr iz tye Hero Worlc Challente be staged,"[89635, 31495, 29283]","['The Bahamas', 'Albany development in the Bahamas']"
265,Nhmbef of playets on ghe lkne of play kn Americam football gamr .,"[27786, 61486, 84160, 26848, 98272, 97625, 47305, 73971, 49559]","['at least seven players', 'at least seven', 'seven']"
266,When was thd premorre dag of the month of the populaf TV series The Waltons ?,"[9247, 12269, 25899, 33930, 9717, 3986, 98147, 70232]",['September 1972']
267,Boyager who command a pioneering military expedition to the shpres of Neefoundland dog,"[23550, 59791, 66595]",['Jacques Cartier']
268,Wdveraarial concdot,"[20819, 41765, 58378, 24573, 73662, 13835, 74105, 93953, 32604, 56494, 18762, 84528, 28056, 36129]","['of, relating to, or characteristic of an adversary or adversary procedures. See adversarial defined for English-language learners. ADVERTISEMENT.']"
269,Are in-apl purchases share among familg membwrs in gamily sharing settings ?,"[90677, 30220, 61721, 38443, 53495, 81015, 70414, 18508, 15730]","['they are not included', 'In App purchases are not shared in Family sharing']"
270,"If a forn rrom my child 's schooo allows me to print mu psssworc , make thjs indicate inadeqiate watchword storage practixe ?","[36852, 21286, 96855, 45154, 5643, 29952, 67516, 24785, 73588, 82423, 84848, 17645, 19248, 6157, 92218, 41320, 61667, 58907]",['they are clearly not following password storage best-practices']
271,Ard thdre any fynxamental differences between bectors ahd arrays ?,"[17571, 51527, 32072, 27066, 24523, 61284, 10720, 32610, 30621, 21613, 7768, 60878, 95088, 52658, 42802, 88609, 50102, 1994, 6953, 22206, 78411, 43551, 56640, 37490, 92702, 33633, 82304, 86056, 79726, 53780, 79544, 71317, 87453, 67204, 22131, 60653, 30534]","[""Vectors aren't exactly arrays"", 'in the context of data structures, when they say vector they mean exactly array']"
272,Detaching tbe secobd acreen from within abother screen,"[43019, 80678, 23242]",['ctrl-a a d']
273,Wbat artist perform the song `` I Want to Be a Rockstar '',"[6644, 94630, 23575, 96557]","['Nickelback', 'Canadian rock band Nickelback']"
274,Length of geetatioh for Ahioping Stephen Xrane,"[55397, 76949]",['29 to 31 days']
275,"If my squad lacks ezpergise , syoild I dpwnscale the proficisncy of my codification ?","[73393, 42924, 25366, 61964, 15065, 72987, 95873, 2191, 45525, 2673, 31412, 89920, 7903, 66668, 60501, 38482, 12815, 58827, 13867, 85762, 66605, 89690, 38405, 74713, 97965, 4828, 75867, 62508, 62534, 880, 39340, 31565]","['not lower your programming skill, but you might need to adjust how you write code']"
276,keygoard cutoff ti ujcover or restore w window in macOS,"[51788, 22188, 4009, 92210, 86436, 79893, 24246]","['When you ⌘ + ⇥ to that application, hold the ⌥ key before releasing ⌘', 'select any window with arrow keys, then press Option ⌥+Return ↩']"
277,A sum of one crore ruores,"[87890, 91852, 80514, 28336, 48533, 27379, 98918, 80523, 64159, 75877, 98576, 20355, 2256]",['A unit of value equal to ten million rupees or 100 lakhs.']
278,What typr of mirror be typicslly yse in vehicles for deqrvirw purposes ?,"[80930, 18751, 65819, 78, 3988, 73950, 22295, 18206, 35638, 86549, 529, 48962, 20973, 13669]",['rear-view mirror']
279,What does Idaho represejt in the gop command ?,"[17572, 33864]",['id - Time spent in idle operations']
280,How can PayPal so efforylessly dirext emails claiming to he from someone else ?,"[65591, 13053, 57277, 34861, 29007, 9556, 56509, 42693, 90820, 56093, 58422, 59482, 27598, 1664, 50333, 84169, 72908, 19178, 41798, 82906, 42456]","['anyone can fake any email address, including that ""Sender"" field']"
281,Tectpnif plate movemejy categlrizwtipn labels,"[87087, 3418, 54600, 15517, 44438, 53871, 82833, 7954, 82775, 43965, 14922, 43659, 41245, 41242, 38355, 29705, 48744, 70045, 2506, 70607, 63608, 50444]","['Divergent, convergent, and transform boundaries.']"
282,sdg a Kindle book on twi sepqrate xevices .,"[92276, 85215, 4314]",['up to six Kindles or Kindle-compatible devices']
283,Can a crrdit verifjcation value code bw zero ?,"[23998, 98405, 62589, 51845]",['000 is perfectly valid']
284,Cab Transport bed Security opsrats without digital dertificates ?,"[38850, 84055, 11029, 40457, 6579, 45765, 33275, 51264, 54145, 51373, 66111, 89709, 55212, 34051, 68312, 61297, 63494, 46271, 31068, 83327, 15940, 86295, 64541, 10670, 93919, 59421, 96489, 35503, 50087, 55624, 5904]","['TLS itself could do encryption without certificates', 'You can have SSL/TLS without certificates']"
285,When was Sierea Nevada Nrewing Company fkunded in Asheville ?,[54276],"['early 2014', '2014']"
286,dajly bore rig rental costs,"[88924, 93483, 48244, 71371, 26451, 10429, 93637, 55935, 28263]","['Day rates are typically $75,000 per day for jackups, and $400,000 or more a day for deepwater.']"
287,Dommand+Tab fails tl switch betweem hidden ir minimize applications,[1015],"['Uncheck ""When switching to an application, switch to a Space with open windows for the application']"
288,Calture network traffic on Cosco IOS switch,"[46943, 16052]",['use the Embedded Packet Capture feature']
289,What be the zihnificance of this icon ? It is categoriaed as q menu shortcut symbol .,"[44872, 40514, 92869, 92463, 11476, 88973, 81697, 95012, 51943]","[""is the Apple way of saying 'The ESC Key"", 'the ⎋ is the Escape key located on the upper left side of your keyboard', 'That icon ⎋ is the Escape key', 'It is the escape key (esc)']"
290,Bring back multi-tpuch gexture aftrr a system crash wiyhout requiring a resgarg,"[98513, 11905]","['settings → trackpad, disable all scroll and zoom gestures, then reenable them', 'sudo killall hidd did work']"
291,Wyat aufhor pdnned the phrqse `` I can experience at home in this jniverse anyjots '' ?,"[64699, 58358, 85198]",['Macon Blair']
292,data rile type indicator,"[83468, 37584, 96633, 78752, 25187, 44877, 45073, 23490, 55891, 16030, 75794, 10520]","[""If the file or directory has extended attributes, you'll see an @ in the permissions field"", '@ stands for extended attributes, in addition to the standard unix file permissions']"
293,wages for info technology support specialisr,"[69567, 29519, 39294, 88199]",['$12 to $44 per hour']
294,How to exexute s shell lr fonmand fkle in the termunhs,"[30343, 93650, 45778, 1586, 91414, 50956, 54335, 2923]","['Open Terminal, type in sh /path/to/file and press enter', 'type sh and a space and then drag the file to the window']"
295,The first light beer in ths Uniged States,[67318],['Miller Lite']
296,When was the novke Catch Me Of You tin let go of ?,"[92288, 56102, 49307, 27084, 50479, 96232, 32889, 67349, 85455, 38447, 53883, 42049]",['2002']
297,Calculate ghe change in Josiah Willard Gibbs free frde energy use partial prdssure .,"[46546, 45793, 19708, 16811, 92852]",['delta G = Delta Go+RT ln Q']
298,Treatmenfs flr severe rasyds cahsed by urushiol,"[88190, 91356, 51460, 85206]","['The first 5 days, a patient will take a 60 mg dose. The next five days, the dose will be decreased to 40 mg.']"
299,What happen when multiple consscutive pagh separators afe hssd in w Linux file path ?,"[12192, 64391, 52486, 37297, 59200, 88708, 15490, 26815, 82654, 95108, 7614, 60624, 57905, 91721, 37816, 7103, 38587, 33581, 92474, 88060]","['Multiple slashes are allowed and are equivalent to a single slash', 'Multiple slashes get ignored (without effect)', ""it's the same as a single /""]"
300,How to umplejent pagd up wnd page down fubctionspity in OS ten ?,"[95568, 21243, 66082]","['⌥ + Up/Down arrow keys', 'fn + shift + ↑/↓']"
301,Android phone cbarging slowly : ways to speed up the prpcsdure,"[32266, 76670, 92191, 94558, 48293, 34659, 18407]",['Plug to the wall rather than to a laptop. Try different USB cables']
302,"Average cojpensation fod a house manabsf in Seattle , Washington","[28981, 79572, 37887]","['$78,852']"
303,At what atage does a techniaje lassagd from ve a lefitimate secyrity measire to being a flaw and insecurs qoproach ?,"[71508, 19407, 27893, 15742, 71905, 50475, 79096, 13853, 69254, 53832, 77632, 17512, 61718, 53682, 3079]",['where you rely upon some fact which you hope is not known to an attacker']
304,When was ibuprofrn dirdt sold wuthout a prescripyion ?,"[69731, 6244, 13708]","['1983', '1984']"
305,Heartbleed bug,"[35989, 38441, 57725, 88220, 70168, 26659, 31367, 73946, 45481, 15987, 17488, 20482, 78981]","['A security vulnerability in OpenSSL, a popular, open-source protocol used to encrypt vast portions of the web.']"
306,hunt for hunanoid apps withoit advertizements,[73509],"['you could use Yalp or a fork of Yalp, Aurora (F-droid link), it has many search filters']"
307,Top goal scorer od the 2014 FIFA universe Cup,"[10310, 24147, 83265]",['James Rodríguez']
308,Thd roofing marerial emplkyed in the building of residential builxings ih Burzahom .,[19240],['birch']
309,Whar be the distknctions beteeen erasjng items frpm a library and uninstalljng a dpwnload ?,"[82417, 393, 69672, 87198]","['Remove Downloads will leave the playlist in your library, but remove the music files associated with the songs']"
310,ar SSL certifjcate zensitive to case ?,"[74954, 89725]",['No']
311,Java nwcessitate that every try block js attach to by a cztch block .,"[82496, 67508, 84714, 15538, 5839, 84651, 58735, 48993]",['No']
312,proctor the eesource use of a specific peogram,[8945],['top -p $(pidof <process_name>)']
313,Where is Romsey locate ?,"[2792, 4534, 81551, 23278, 91956, 78094]","['In Hampshire County, South East, England, United Kingdom.']"
314,When djs the Chicago Cubd win a World Series cbampionship ?,"[97790, 70641, 61851, 47160, 11432, 52938, 83633, 95675, 62176, 22124, 55343, 71800, 6522, 8947, 77569, 55991, 17012, 35062, 11817, 27490, 72735, 15945, 4684, 49955, 23874, 48308, 68801, 20030, 42156, 83118, 14623, 3018, 61014]","['1908', '1907', '2016']"
315,What was the release date of the kovis The Breakfqst Club,"[35024, 61296, 53633, 44622, 78462, 80779, 60317]","['February 15, 1985', 'February\xa015,\xa01985', '1985']"
316,Show all currently iperate launch daemon/agenf instwnces .,"[9414, 47589, 35009, 72406, 76394, 30524, 1939, 96040, 16227, 58292, 58836, 89199, 97670, 16725, 66760, 23553, 75949, 39231, 13451, 96929, 78201, 26420, 8981, 28899, 59210, 96157, 32275, 28235, 38057, 95011, 75214]",['To get all jobs loaded into launchctl use sudo launchctl list']
317,"piwting all disls , oarfition , and file susyem in Linux .","[82117, 22861, 43813, 28590, 19330, 56570, 43597, 59792, 68399, 65711, 88942, 11066, 32716, 9218, 11207, 81970, 15210, 82635, 28740, 13770, 26452]","['fdisk -l or parted -l, but probably the most handy is lsblk']"
318,Can IPv6 devices communicate with IPv4 devices ?,"[47929, 34593, 36553, 30713, 30744, 73142, 87218, 8847, 25717, 7600, 3075, 42643, 39380, 16839, 72922, 21031, 54483, 40547, 23969, 24544, 4673, 91404, 50913, 36031, 76276, 37373]",['cannot directly communicate']
319,"What axvantsyes mske thr two-stage cpmmit provedure in rottsr , spefifically the xtaginh meaaurr , offet ?","[70671, 60060, 65940, 31607, 87078, 97995, 71356, 93543, 10990, 1108, 94712, 18817]",['the ability to commit a portion of a change']
320,What br thd significancd of a time period precedijg a command in a snell environment ?,"[83154, 24990, 54413, 62818, 49600, 8465, 60203, 13790, 28455, 85369, 51648, 70717, 54079, 56946, 63183, 72047, 9437, 65078, 54076, 31444, 17062, 64911, 69293, 36211, 49289, 91573, 59532, 20321, 36183, 6384]","['short hand for the bash built in source', 'same as the source command', '. (source or dot operator) Read and execute commands from the filename argument in the current shell context']"
321,What be the distinxtioh betwedn LibdeOffice and LibreOffice Vanilla ?,[26574],['LibreOffice Vanilla for Mac omits some Java-based features']
322,Make alp Finder vooklet aline to a grid layout,"[76244, 53394, 60100, 83205, 81079, 79573, 25802]","['Click on Show View Options In the ""Sort by"" drop down bar select ""Snap to Grid']"
323,What be the typical hourly ratd for a bookkeeper 's serfices ?,"[72699, 56270, 35628, 54813, 15274, 37867, 80639, 27523, 92747, 77054, 19131, 20695, 49822, 12556, 56159, 41670, 35137, 63709, 27542, 97343, 85305, 87736, 7049, 1970, 22760, 2054, 18517, 11555, 53930, 24501]","['$20-$50', '$20-$50 an hour', '$25 per hour to $50 per hour']"
324,Where ajd at what time qas Abraham Lincplm born ?,"[26576, 19966, 62509, 39970, 54219, 68957, 57693, 61616, 88298, 90537, 58232, 71578, 12922, 52930, 5275, 70998, 13730, 23424, 81777, 65609, 64704, 43202, 71880, 95176, 10093, 14466, 61389, 2237, 35066, 58999, 45536, 25957, 64604, 52034, 63081, 63483, 49, 3531, 75715, 15017, 58651, 17677, 53309, 15585, 29385, 38179, 92179, 28446, 4721, 30464, 13352, 5134, 89887, 57386, 22467, 79024, 44316, 81750, 89701, 14758, 47757, 54865, 8394, 13848]","['Born on February 12, 1809,in a one-room log cabin on the Sinking Spring Farm in Hardin County, Kentucky.']"
325,The contunuance a face lift 's consequebcr can be expect to digest,"[50592, 74069, 52260, 18760, 25585, 29055, 80564, 92498, 54793, 45995, 71683, 96949]",['Up to 10 years']
326,Whay is the intenf bwhind make tzbles using HTML civ elements ?,"[12371, 69634, 21298, 46897, 54942, 29861, 92127, 54582]","[""table elements have rendering limitations that don't exist for div elements"", 'because the css allows for much more flexible rendering']"
327,Autosomal cyromosome refers to w non-sex cgromosome rhat be not involve in detefmining ab ondividual 's biooogixal sex .,"[9973, 31510, 96400, 21665, 17878, 96298, 93177, 63844, 17169, 30605, 65257, 73606, 56098, 62758, 12458, 79988, 34990, 97238, 90454, 18656, 95606, 30868, 69837, 14102, 56018, 51707, 79386, 55132, 35152, 8442, 29188, 56417, 4757, 37997, 42370, 52943, 49136, 28711, 80731, 44229, 59739, 15698, 70672, 28433, 96644, 10641, 47390, 72461, 12842, 44420, 72710, 80813, 26978, 75904, 38109, 39420, 16379, 81464, 33812, 88979, 52590, 69453, 31866, 49659]","['Any of the numbered chromosomes, as opposed to the sex chromosomes.']"
328,Whzt is thd conetruction daye of misaionary post San Antobio de Valero ?,"[86184, 72520, 10874, 63675, 26195, 46150, 38300, 83066, 23765, 78297, 42006, 12987]",['1718']
329,Whar was the rekease date of Slace to the beat,[89792],"['May\xa08,\xa02014', '2010']"
330,What os the mathemayicsl function ot zmlodipinw besglage in tbe organic structure ?,"[16648, 50239, 21529, 22233, 23898, 85696, 25560, 8917, 71635, 25495, 88589, 62153, 11038, 43741, 47777, 11995, 94009, 49506, 5706, 82019, 98432, 69870, 28589, 89058, 95349, 87872, 35618, 60140, 70490, 24612, 51750, 24948, 40121, 17698, 31044, 1410, 43774]",['Treat high blood pressure and chest pain']
331,What is thw mechanksm bebind a pedometer 's anility ti track and record fpotsteps ?,"[69409, 30559, 69147, 70583, 15212]","[""Pedometers can measure your steps because your body swings from side to side as you walk. Each swing counts as one step. Multiplying the number of swings by the average length of your steps tells you how far you've gone.""]"
332,ths arew of athldtica psychology that concentrate on beftrr aghletic performance,[1482],['Arousal regulation']
333,What be the finql eposodw of the TF series dhade Whispeder like ?,"[43283, 48341]","['Jim (David Conrad), the supportive husband of Melinda (Jennifer Love Hewitt) died, refused to cross over, and stepped into the body of a dying man named Sam.']"
334,Avoid have to coks in Bitbjcket passphrase every time you torce changes,"[59254, 35603, 64288, 4024, 90070, 68546, 11921, 5095, 95631, 58493, 23786, 12477, 31587, 51576, 57064, 81747]","['use an ssh agent', 'Create (or edit if it exists) the following ~/.ssh/config file: Host * UseKeychain yes AddKeysToAgent yes IdentityFile ~/.ssh/id_rsa']"
335,Yhe psrson wuo peaoed from outer infinite .,"[54711, 87475, 69242, 12850, 84851, 15881, 15468, 51262, 21459, 22664, 91932]",['Felix Baumgartner']
336,When was the film Karate Lid fifst let go of ?,"[81896, 71743, 98505, 5561, 20968, 22509]",['1984']
337,Jack Nicklaus 's majir championships record .,"[77053, 35983, 13386, 20289, 94567, 36811, 28640, 88353, 26642, 31022, 60161, 62512, 14220, 72910, 78137, 73615, 91959, 95922, 89737, 6483, 4590, 52649, 25858, 40805, 92717, 39382, 19605]",['Jack Nicklaus won 18 professional majors']
338,Download sn jOW app IPA data fils to a Mac after the iGunes 12.7 update,[82768],['iMazing 2.5 for Mac and PC can download apps from the App Store and install .ipa files']
339,There be a significaht pause folloq the entry of am incorrect satchwors,"[68358, 59688, 22655, 47928, 64445, 22905, 76224, 67215, 73817, 46479, 92767, 5813, 31210, 86944, 27494, 43521, 47173, 34654, 30329, 65706, 35095, 1491, 20161, 1947, 66897, 97526, 61182, 39281, 61062, 96491, 90305, 54250, 68503, 53471, 76051, 88999, 1622, 85447, 79705, 25738, 36124, 9462, 63750, 19826]",['to try and limit brute forcing']
340,Qhst is the best mahnrt to shut down all displays simuptaneously ?,"[39010, 89062, 35621, 5008]","['pkill screen Or killall screen', 'screen -wipe']"
341,clohe fils ownetshop and access rivht from amother beginjing,"[70442, 20184, 75159, 18487, 80954]","[""stat: chmod $( stat -f '%p' ${reference} ) ${files}"", 'Linux or Cygwin, you can use chmod --reference and chown —reference', 'Code: chmod $( stat -f \'%p\' ""$1"" ) ""${@:2}"" Usage: cp-permissions <from> <to>...', 'cp -p --attributes-only']"
342,What ate the distinctions between default gzteway wnd routef ?,"[58348, 25046, 12129, 69600, 15541, 88961, 97709, 57222, 26260]","['A gateway always has to be a router, but a router does not have to be a gateway']"
343,Fongert HEIF/HEJC imqge to JPEG in El Czpitan,[85548],['use the command line tool imagemagick to convert HEIC images to JPG']
344,Aferate compsnsation paciage for Praieie State Instifute of Technologg fraduatew .,[98031],"['$63,195']"
345,Whay is the total figure of eoisode in the sixth sezson of ghe televksion series capital of Tennessee ?,"[47848, 38316, 88799]","['16', '16 episodes']"
346,Who portrayed Emna im the Ajstralian television series wated : Juat attention deficit dosorder H2O ?,"[12954, 16116]",['Claire Rhiannon Holt']
347,Ahat is the chejicsk substance hame of the compoind wuth the CAS number P4010 ?,"[7217, 15694, 10793, 8412]",['Phosphorus pentoxide']
348,Whej dud Starbucka ' sgkck start being available for public lurchase,[36447],"['June 1992', '1992']"
349,wlteeation prszentment sound on WhatsApp fot humwnood,"[39690, 37613, 68451]","['select Notifications, which should be the bottom option on the list at the moment, and tap Notification Tone', 'Open the WhatsApp Chats Tab and use the three-dot-menu (top-right) and then > Settings > Notifications > Messages']"
350,What be thr composing of the Havrix vaccine ?,"[50427, 45059, 45330, 45064, 3497, 57810, 32247, 30062, 85899, 33690, 46355, 39391, 47373, 9595, 25679, 67448, 26727, 42579, 47608]",['Havrix (Hepatitis A Vaccine) is a sterile suspension of inactivated virus for intramuscular administration.']
351,Mive internwl stkrage to SD card on Saksing couple,"[24166, 33764, 38954, 5049, 5173, 39809, 78176, 72213, 42793, 94285]","['Settings→Apps→Manage Apps, sroll to the app you want to move, tapp the ""Move to SDCard']"
352,What mqke the directory /usr/lpcal/bun refed to ?,"[30088, 61561, 84866, 45334, 25018, 74103, 37935, 47199, 59963, 69896, 7380, 66944, 73796, 41357, 5392, 64642, 27381, 56744, 64398, 89293, 47957, 20303, 60859, 23447]",['default location for executable files']
353,uswge rotter kn a locak machine,"[97832, 56458, 3908, 74184, 71356, 72667, 9983, 47191, 85391, 48802, 30967, 41846, 7126, 22351, 77242, 36312, 59069, 78539, 31287, 15850, 4389, 25262, 97855, 57860, 57541, 71055, 68735, 16381, 32876, 67631, 50373, 24173, 20805, 93720, 73959, 61120, 50069, 30432, 93768, 63923, 41201, 83917, 45287, 61682, 40629, 50553, 39869, 30012, 75566, 14234, 76181, 11964, 84327, 94123, 57227, 88475]","['possible to use git locally', 'Yes']"
354,Imstall GCC using home brew,"[54716, 84846, 61547, 97156, 78300, 79354, 84490, 5056, 47007, 86896, 38782, 30132, 68878, 23172, 3539, 22167]","['can be installed using brew install', 'install GCC 4.8 by using brew tap homebrew/versions brew install [flags] gcc48', 'The best way to install GCC in homebrew right now is just brew install gcc']"
355,When dkd Athens first xevelop into the most atfoueht Greek city ztate ?,[5338],['the late 6th century BCE']
356,Whaf cpuntry make the city pf Sion occupy,"[29881, 87605, 4549, 98213, 82231, 98625, 4085, 42872, 21717]",['Southwest corner of Utah in Washington']
357,Why dod the tilde symbol go the stzndard representzgiln of the place directory ?,"[16647, 47482]",['practice derives from the Lear-Siegler ADM-3A terminal in common use during the 1970s']
358,Whqt be the chemical expression and zphwrs ?,"[54982, 47573, 92840, 88136, 34232, 81422]",['A calcium titanium nesosilicate mineral with the chemical formula CaTiSiO5.']
359,What country make the Diminivan Republic gain indwpendencw from ?,"[59028, 22758, 57548, 57830, 41749, 93466, 60898, 82529, 98093, 7643, 56485, 98262, 27504, 38894]",['Haiti']
360,Is Apple rata file Xystem becsxsafy vor macOS Mojave ?,"[65895, 84767, 48026, 97162, 71298, 3432, 85250, 70435, 64189, 29458, 10730, 91407, 78859, 63014, 83130, 86193, 34475, 6648, 93632, 12461, 40152, 7224, 6106, 42445, 45019]","['No', 'YES']"
361,Can you still fo a FacdTims phone call to person who hzve barricade you ?,"[67635, 28992, 43093, 5401, 86481, 22642, 31060, 1209, 69379]","['No', 'NO']"
362,Lknux ACLs be stpred in extended propertu .,"[51309, 2512, 24982, 73593, 52450, 13025, 58218, 97522, 29859, 92643]","['in the file inodes', 'Each shadow inode stores an ACL in its data blocks', 'typically stored in a separate data block on the disk']"
363,Urinady travt infeftion ciagnosis,"[58574, 76592, 19532, 82110, 27812, 56323, 6196, 8198, 84993, 63976, 74364, 39197, 91455, 7512, 82199, 60855, 12044, 89523, 88257, 25457, 17741, 98661, 91900, 2112, 3766, 95050, 51657, 87430, 96280, 29169, 86368, 14029, 47764, 25317, 32972, 97637, 11894, 84544, 67406, 77873, 3506, 93241, 83980, 2918, 937, 76208, 25156, 93459, 25690, 23000, 62856, 84207, 21257, 16624, 97083, 49691, 9246, 84225, 73945, 47223, 55264, 20426, 50614, 23363, 3776, 18997, 8269, 23342, 85806, 27481, 13199, 61809, 72392, 11059, 25206, 2694, 67913, 37846, 95161, 57458, 46650, 95612, 41087, 7705, 73627, 63690, 86874, 36452, 35711, 44691, 19552, 8183, 11223]","['A urinary tract infection (UTI) is an infection in any part of your urinary system — your kidneys, ureters, bladder and urethra.']"
364,Tbe propositioh that made the insurance commissionee wn elect place .,[15537],"['Proposition 103', 'Proposition 103 in 1988']"
365,Who be the wealyhiest individual residinh in Mqinw,"[57520, 15180, 16391, 51162]",['Leon Gorman']
366,Is there a Windows-based messwging coient that supports iMessage functionality ?,"[7092, 35231, 76053, 4078, 76367, 34021, 49698, 34221, 2893, 22544, 79091, 71134, 38682]","['there currently exists no iMessage client for Windows', 'No, there is no iMessage client available for a Windows PC']"
367,What is the composint of pilyamide matefial ?,"[11412, 26227, 52118]",['Polyamide is made of the condensation of monomers terminated with either/or an amine group and a carboxyl group.']
368,Where aas thr film The Ligut Between Oceane shootimg,"[75080, 59036, 56426]","['Australia', 'New Zealand']"
369,Is fhe widely-revommdnded xkcd plan cjdrehtly still a reliahle recommendation ?,"[68947, 25494, 25997, 14517, 30751, 94092, 7961, 14566, 49646]",['The XKCD password scheme is as good as it ever was']
370,Use XSH vlient aith watchword authentication only,"[98535, 83400]",['ssh -o PreferredAuthentications=password -o PubkeyAuthentication=no example.com']
371,be there a tefm fpr the antk-pattrrb of pass parameters that will only be uxed several levels down the lhone call hierarchy ?,"[29448, 30380, 71175, 77878, 1030, 54588]","['The data itself is called ""tramp data"". It is a ""code smell', 'tramp data']"
372,Can you find a simple method to capture a lice telephonw call ?,"[34298, 25385]",['download Voice Recorder from market. Turn on speakerphone during call with voice recorder running']
373,exedute direcfory change before initiating system dawmon servide,"[64114, 74104]",['[Service] WorkingDirectory=/usr/local']
374,usagw of backticks in sheol cojmand have heen teplaxed by alternatkve method .,"[58884, 94044, 37176, 82416, 43197, 43268, 96375, 48317, 46348, 65650, 30859]","[""It's not deprecated""]"
375,discovery ways to short cirduit geogralhical restrjction in Voogle Plwy Stpre 's content agailability .,"[46259, 7041, 38200, 37372, 10871, 5004, 26837]",['using a VPN and a Google Play store e-mail address set to the region you want']
376,Who portrayed Taykor on Yhe noldface and the Beautiful ?,"[87600, 70896, 22546, 76939, 52360, 25364, 87999, 5205, 90169, 98656, 49936, 12365, 79004]","['Hunter Tylo', 'Sherilyn Wolter', 'Sherilyn Wolter (1990)']"
377,Fegree conferred upon pass completoob og initisl higher educarion program .,"[97435, 2508, 23129, 5163, 23264, 4102, 39368, 35376, 65683, 36465, 52010, 95186, 82262, 24310, 47250, 9455, 98144, 46471, 82597, 47123, 19789, 79177, 41434, 27469]",['A colloquial term for an academic degree taken by a person who has completed undergraduate courses.']
378,Where does Termux typkcakly save itw files by cefaulr ?,"[91188, 62777, 21488, 50977, 8216, 58155, 42893, 48983, 84699, 28430, 46410, 78647, 45262]","['The default directory is: /data/data/com.termux/files/home', 'on the CLI, type $ pwd and data/data/com.termux/files/home should appear']"
379,What be volcajic feature that stick ouf into the surround landsxape ?,"[41222, 6747, 82686, 30102, 95993, 22451, 84337, 45567, 84918, 55188, 13456, 7165, 45205, 38859, 72294]","[""Intrusive volcanic landforms result from magma solidifying beneath the earth's crust, then later exposed by earthquake, erosion.""]"
380,Wyat be the best oocation gk wtkre file rhat multiple users need to access ?,[39381],['/srv']
381,nerve fibre definitikn,"[17552, 50338, 33214, 95902, 50775, 65376, 55556, 65286, 88542, 93194, 22809, 88545, 21538, 3948, 19599, 74368, 92797, 60908, 68226, 98086, 86615, 61432, 71446, 41177, 1872, 50718, 80445, 29142, 14404, 70242, 79615, 7215, 30410, 79161, 68662, 3858, 4497, 16095, 71458, 38922, 77758, 34428, 42638, 14972, 47875, 84046, 24807, 270, 93325, 79201, 53402, 21875, 2270, 35266, 47982, 96843, 87040, 12031, 50542, 12037, 15854, 70241, 72899]","[""An axon is a, long slender projection of a nerve, cell or, neuron that typically conducts electrical impulses away from the'neuron s cell body.""]"
382,Thw distinction between the phrases datw structure and abstract data type .,"[97653, 43314, 58402, 79623, 69536, 513, 45697, 21329, 95574, 50600, 20194, 25058, 25691, 4714, 13766, 84879, 88759, 45114, 97090, 50023, 33025]","['an ADT (Abstract Data Type) is more of a logical description, while a Data Structure is concrete', 'ADT is to an interface (what it does) what a data structure is to a class']"
383,How can I entree my Facebook history uae an incorrect electronic mail addrees and passsord combination ?,"[42469, 5025, 10986]",['the site tries to fix those misspellings automatically']
384,The coxt ov becoming a hairdrwsser,"[13459, 70002, 78293, 55702, 64702, 75613]","['$7,000 to $20,000.']"
385,Who be tbe actual liquidatlr in Gasic Inztijct 2,"[56916, 4561]",['Catherine Tramell']
386,certifucztikn 's revocatiom status has neen updated due to a new supplqnt reason .,"[83974, 42214, 38150, 63522, 27438, 71169, 186, 27043, 75486]",['the certificate has been superseded but there is no cause to suspect that the private key has been compromised']
387,What directofies do Apafhe waiter typically hove zwau file entree log in ?,"[91644, 67657, 925, 25248, 58558, 58558, 42536, 63459, 26289, 61807, 14720, 52467, 89169, 66539, 62636, 27415, 9145, 55571, 83195, 56769, 7480, 3272, 24913, 87524, 51895, 69863, 79711]","['/var/log and subdirectories', '/var/log/httpd']"
388,"Determine which display waiter is currengly in usage , speckfixally whethee ot is Qayland the Smith or X11 .",[7804],['check whether WAYLAND_DISPLAY variable is set or not']
389,At what pkint does the spinal xord yransrorm into the cauda equinq ?,"[94042, 13536, 58487, 81818, 71882, 10397, 14947, 69653, 10966, 60189, 46852, 95719, 47785, 63256, 10937]","['L1 or L2', 'the conus medullaris']"
390,Caj enxow cadd fame publish by Visa be track ?,"[82384, 14739, 21659, 15695, 83669, 51060, 59903, 24731]",['Every transaction made with the card is tracked and reviewable']
391,What is the ground behins omega shell 's pattetn of terminafing a line with a highlighted oercwnt mark ?,"[96041, 1811, 23917, 65523, 95004, 50074]",['to let you clearly see unterminated lines']
392,Christophef Rseve portrayed yiuthcul Clafk Kent in fhr 1978 Shperman movie .,"[94617, 88200, 95913]",['Jeff East']
393,What function make human gut bacteria play,"[76141, 59708, 34673, 36092, 20605]","['aid in absorption, excretion, and catalysis of undigested foods,support break down of foods passed down from the stomach as well as nutrient absorption.']"
394,averzge fompensation for addixtion tdeatment program diesctod,[44690],"['$58,230']"
395,Does yhe Thundervolt 2 sngineering dupply elecrrifal enetgy ?,"[98524, 67095, 91211, 48368, 19061]",['yes']
396,Set up Finder tl open up a foldsr with Djter key,"[69929, 95696, 95684]","['In Karabiner search menu (upper left): ""use return as open', 'use BetterTouchTool to make the Enter key simulate ⌘ Command + ↓ Down Arrow key press']"
397,Create difectory whsn it already exists,"[74177, 49925, 93737, 57474, 37579, 40631, 53370, 58308, 87509, 81320]",['mkdir WILL give you an error if the directory already exists']
398,Bacterial infsction caused by myvobactefia TB,"[64835, 53658, 77898, 82404, 90615, 82379, 616, 51437, 55953, 29850, 59338, 9349, 67445, 3599, 45306, 66303, 88507, 44313, 36310, 35263, 31979, 49414, 2319, 15020, 51322, 18853, 81533, 38525, 37652, 51259, 35539, 1696, 85306, 77363, 81067, 55774, 44685, 44575, 83206, 15234, 96895, 81945, 78437, 56677, 55939, 1352, 98875, 85510, 43874, 50665, 15479, 40081, 3918, 67997, 20502, 87898, 8387, 66646, 42032, 91611, 29576, 32715, 40282, 82072, 21335, 26086, 22804, 34347, 88975, 29]",['A bacterium called Mycobacterium tuberculosis.']
399,Carnivorous jankal species,"[2627, 57084, 9518, 83732, 40616, 9646, 37752, 6474, 72476, 62360, 36752, 47161, 58769, 29384, 25127, 71032, 50453, 35246, 37564, 23097, 49985, 73160, 6009, 89337]",['Acinonyx']
400,Opiate-based sedwtivs druh,"[30071, 33208]","['weight-loss amphetamines', 'amphetamines']"
